alteredRateConstant,factor,MP,FC,F2,CIA,FS,F3,O2,FM
k23,0.5,19.9999,4.99997,33.1183,67.9999,300.0,46.8813,1.22222,49.9998
k23,0.51,19.9999,4.99997,32.6999,67.9999,300.0,47.2997,1.22222,49.9998
k23,0.52,19.9999,4.99997,32.2913,67.9999,300.0,47.7083,1.22222,49.9998
k23,0.53,19.9999,4.99997,31.8922,67.9999,300.0,48.1075,1.22222,49.9998
k23,0.54,19.9999,4.99997,31.5023,67.9999,300.0,48.4974,1.22222,49.9998
k23,0.55,19.9999,4.99997,31.1212,67.9999,300.0,48.8785,1.22222,49.9998
k23,0.56,19.9999,4.99997,30.7487,67.9999,300.0,49.2509,1.22222,49.9998
k23,0.57,19.9999,4.99997,30.3846,67.9999,300.0,49.615,1.22222,49.9998
k23,0.58,19.9999,4.99997,30.0285,67.9999,300.0,49.9711,1.22222,49.9998
k23,0.59,19.9999,4.99997,29.6803,67.9999,300.0,50.3193,1.22222,49.9998
k23,0.6,19.9999,4.99997,29.3396,67.9999,300.0,50.66,1.22222,49.9998
k23,0.61,19.9999,4.99997,29.0063,67.9999,300.0,50.9933,1.22222,49.9998
k23,0.62,19.9999,4.99997,28.6801,67.9999,300.0,51.3195,1.22222,49.9998
k23,0.63,19.9999,4.99997,28.3608,67.9999,300.0,51.6388,1.22222,49.9998
k23,0.64,19.9999,4.99997,28.0482,67.9999,300.0,51.9514,1.22222,49.9998
k23,0.65,19.9999,4.99997,27.7422,67.9999,300.0,52.2575,1.22222,49.9998
k23,0.66,19.9999,4.99997,27.4424,67.9999,300.0,52.5573,1.22222,49.9998
k23,0.67,19.9999,4.99997,27.1487,67.9999,300.0,52.8509,1.22222,49.9998
k23,0.68,19.9999,4.99997,26.861,67.9999,300.0,53.1386,1.22222,49.9998
k23,0.69,19.9999,4.99997,26.5791,67.9999,300.0,53.4205,1.22222,49.9998
k23,0.7,19.9999,4.99997,26.3028,67.9999,300.0,53.6968,1.22222,49.9998
k23,0.71,19.9999,4.99997,26.032,67.9999,300.0,53.9677,1.22222,49.9998
k23,0.72,19.9999,4.99997,25.7664,67.9999,300.0,54.2332,1.22222,49.9998
k23,0.73,19.9999,4.99997,25.506,67.9999,300.0,54.4936,1.22222,49.9998
k23,0.74,19.9999,4.99997,25.2506,67.9999,300.0,54.749,1.22222,49.9998
k23,0.75,19.9999,4.99997,25.0001,67.9999,300.0,54.9995,1.22222,49.9998
k23,0.76,19.9999,4.99997,24.7544,67.9999,300.0,55.2453,1.22222,49.9998
k23,0.77,19.9999,4.99997,24.5132,67.9999,300.0,55.4865,1.22222,49.9998
k23,0.78,19.9999,4.99997,24.2765,67.9999,300.0,55.7231,1.22222,49.9998
k23,0.79,19.9999,4.99997,24.0442,67.9999,300.0,55.9554,1.22222,49.9998
k23,0.8,19.9999,4.99997,23.8162,67.9999,300.0,56.1835,1.22222,49.9998
k23,0.81,19.9999,4.99997,23.5923,67.9999,300.0,56.4074,1.22222,49.9998
k23,0.82,19.9999,4.99997,23.3724,67.9999,300.0,56.6273,1.22222,49.9998
k23,0.83,19.9999,4.99997,23.1564,67.9999,300.0,56.8432,1.22222,49.9998
k23,0.84,19.9999,4.99997,22.9443,67.9999,300.0,57.0553,1.22222,49.9998
k23,0.85,19.9999,4.99997,22.7359,67.9999,300.0,57.2637,1.22222,49.9998
k23,0.86,19.9999,4.99997,22.5312,67.9999,300.0,57.4685,1.22222,49.9998
k23,0.87,19.9999,4.99997,22.33,67.9999,300.0,57.6697,1.22222,49.9998
k23,0.88,19.9999,4.99997,22.1322,67.9999,300.0,57.8674,1.22222,49.9998
k23,0.89,19.9999,4.99997,21.9378,67.9999,300.0,58.0618,1.22222,49.9998
k23,0.9,19.9999,4.99997,21.7467,67.9999,300.0,58.2529,1.22222,49.9998
k23,0.91,19.9999,4.99997,21.5588,67.9999,300.0,58.4408,1.22222,49.9998
k23,0.92,19.9999,4.99997,21.3741,67.9999,300.0,58.6256,1.22222,49.9998
k23,0.93,19.9999,4.99997,21.1924,67.9999,300.0,58.8073,1.22222,49.9998
k23,0.94,19.9999,4.99997,21.0137,67.9999,300.0,58.986,1.22222,49.9998
k23,0.95,19.9999,4.99997,20.8379,67.9999,300.0,59.1618,1.22222,49.9998
k23,0.96,19.9999,4.99997,20.6649,67.9999,300.0,59.3348,1.22222,49.9998
k23,0.97,19.9999,4.99997,20.4947,67.9999,300.0,59.505,1.22222,49.9998
k23,0.98,19.9999,4.99997,20.3272,67.9999,300.0,59.6725,1.22222,49.9998
k23,0.99,19.9999,4.99997,20.1624,67.9999,300.0,59.8373,1.22222,49.9998
k23,1.,19.9999,4.99997,20.0001,67.9999,300.0,59.9995,1.22222,49.9998
k23,1.01,19.9999,4.99997,19.8404,67.9999,300.0,60.1593,1.22222,49.9998
k23,1.02,19.9999,4.99997,19.6831,67.9999,300.0,60.3165,1.22222,49.9998
k23,1.03,19.9999,4.99997,19.5283,67.9999,300.0,60.4713,1.22222,49.9998
k23,1.04,19.9999,4.99997,19.3758,67.9999,300.0,60.6238,1.22222,49.9998
k23,1.05,19.9999,4.99997,19.2257,67.9999,300.0,60.774,1.22222,49.9998
k23,1.06,19.9999,4.99997,19.0778,67.9999,300.0,60.9219,1.22222,49.9998
k23,1.07,19.9999,4.99997,18.9321,67.9999,300.0,61.0676,1.22222,49.9998
k23,1.08,19.9999,4.99997,18.7885,67.9999,300.0,61.2111,1.22222,49.9998
k23,1.09,19.9999,4.99997,18.6471,67.9999,300.0,61.3525,1.22222,49.9998
k23,1.1,19.9999,4.99997,18.5078,67.9999,300.0,61.4919,1.22222,49.9998
k23,1.11,19.9999,4.99997,18.3704,67.9999,300.0,61.6292,1.22222,49.9998
k23,1.12,19.9999,4.99997,18.2351,67.9999,300.0,61.7646,1.22222,49.9998
k23,1.13,19.9999,4.99997,18.1017,67.9999,300.0,61.898,1.22222,49.9998
k23,1.14,19.9999,4.99997,17.9702,67.9999,300.0,62.0295,1.22222,49.9998
k23,1.15,19.9999,4.99997,17.8405,67.9999,300.0,62.1591,1.22222,49.9998
k23,1.16,19.9999,4.99997,17.7127,67.9999,300.0,62.287,1.22222,49.9998
k23,1.17,19.9999,4.99997,17.5867,67.9999,300.0,62.413,1.22222,49.9998
k23,1.18,19.9999,4.99997,17.4624,67.9999,300.0,62.5373,1.22222,49.9998
k23,1.19,19.9999,4.99997,17.3398,67.9999,300.0,62.6599,1.22222,49.9998
k23,1.2,19.9999,4.99997,17.2189,67.9999,300.0,62.7808,1.22222,49.9998
k23,1.21,19.9999,4.99997,17.0996,67.9999,300.0,62.9,1.22222,49.9998
k23,1.22,19.9999,4.99997,16.982,67.9999,300.0,63.0177,1.22222,49.9998
k23,1.23,19.9999,4.99997,16.8659,67.9999,300.0,63.1338,1.22222,49.9998
k23,1.24,19.9999,4.99997,16.7514,67.9999,300.0,63.2483,1.22222,49.9998
k23,1.25,19.9999,4.99997,16.6384,67.9999,300.0,63.3613,1.22222,49.9998
k23,1.26,19.9999,4.99997,16.5269,67.9999,300.0,63.4728,1.22222,49.9998
k23,1.27,19.9999,4.99997,16.4168,67.9999,300.0,63.5828,1.22222,49.9998
k23,1.28,19.9999,4.99997,16.3082,67.9999,300.0,63.6915,1.22222,49.9998
k23,1.29,19.9999,4.99997,16.201,67.9999,300.0,63.7987,1.22222,49.9998
k23,1.3,19.9999,4.99997,16.0951,67.9999,300.0,63.9045,1.22222,49.9998
k23,1.31,19.9999,4.99997,15.9907,67.9999,300.0,64.009,1.22222,49.9998
k23,1.32,19.9999,4.99997,15.8875,67.9999,300.0,64.1122,1.22222,49.9998
k23,1.33,19.9999,4.99997,15.7856,67.9999,300.0,64.214,1.22222,49.9998
k23,1.34,19.9999,4.99997,15.6851,67.9999,300.0,64.3146,1.22222,49.9998
k23,1.35,19.9999,4.99997,15.5857,67.9999,300.0,64.4139,1.22222,49.9998
k23,1.36,19.9999,4.99997,15.4877,67.9999,300.0,64.512,1.22222,49.9998
k23,1.37,19.9999,4.99997,15.3908,67.9999,300.0,64.6089,1.22222,49.9998
k23,1.38,19.9999,4.99997,15.2951,67.9999,300.0,64.7046,1.22222,49.9998
k23,1.39,19.9999,4.99997,15.2005,67.9999,300.0,64.7991,1.22222,49.9998
k23,1.4,19.9999,4.99997,15.1072,67.9999,300.0,64.8925,1.22222,49.9998
k23,1.41,19.9999,4.99997,15.0149,67.9999,300.0,64.9848,1.22222,49.9998
k23,1.42,19.9999,4.99997,14.9237,67.9999,300.0,65.0759,1.22222,49.9998
k23,1.43,19.9999,4.99997,14.8337,67.9999,300.0,65.166,1.22222,49.9998
k23,1.44,19.9999,4.99997,14.7447,67.9999,300.0,65.255,1.22222,49.9998
k23,1.45,19.9999,4.99997,14.6567,67.9999,300.0,65.3429,1.22222,49.9998
k23,1.46,19.9999,4.99997,14.5698,67.9999,300.0,65.4299,1.22222,49.9998
k23,1.47,19.9999,4.99997,14.4839,67.9999,300.0,65.5158,1.22222,49.9998
k23,1.48,19.9999,4.99997,14.399,67.9999,300.0,65.6007,1.22222,49.9998
k23,1.49,19.9999,4.99997,14.315,67.9999,300.0,65.6846,1.22222,49.9998
k23,1.5,19.9999,4.99997,14.232,67.9999,300.0,65.7676,1.22222,49.9998
k23,1.51,19.9999,4.99997,14.15,67.9999,300.0,65.8497,1.22222,49.9998
k23,1.52,19.9999,4.99997,14.0689,67.9999,300.0,65.9308,1.22222,49.9998
k23,1.53,19.9999,4.99997,13.9887,67.9999,300.0,66.011,1.22222,49.9998
k23,1.54,19.9999,4.99997,13.9094,67.9999,300.0,66.0903,1.22222,49.9998
k23,1.55,19.9999,4.99997,13.831,67.9999,300.0,66.1687,1.22222,49.9998
k23,1.56,19.9999,4.99997,13.7534,67.9999,300.0,66.2462,1.22222,49.9998
k23,1.57,19.9999,4.99997,13.6767,67.9999,300.0,66.3229,1.22222,49.9998
k23,1.58,19.9999,4.99997,13.6009,67.9999,300.0,66.3988,1.22222,49.9998
k23,1.59,19.9999,4.99997,13.5259,67.9999,300.0,66.4738,1.22222,49.9998
k23,1.6,19.9999,4.99997,13.4517,67.9999,300.0,66.548,1.22222,49.9998
k23,1.61,19.9999,4.99997,13.3783,67.9999,300.0,66.6214,1.22222,49.9998
k23,1.62,19.9999,4.99997,13.3056,67.9999,300.0,66.694,1.22222,49.9998
k23,1.63,19.9999,4.99997,13.2338,67.9999,300.0,66.7659,1.22222,49.9998
k23,1.64,19.9999,4.99997,13.1627,67.9999,300.0,66.8369,1.22222,49.9998
k23,1.65,19.9999,4.99997,13.0924,67.9999,300.0,66.9073,1.22222,49.9998
k23,1.66,19.9999,4.99997,13.0228,67.9999,300.0,66.9769,1.22222,49.9998
k23,1.67,19.9999,4.99997,12.9539,67.9999,300.0,67.0457,1.22222,49.9998
k23,1.68,19.9999,4.99997,12.8858,67.9999,300.0,67.1139,1.22222,49.9998
k23,1.69,19.9999,4.99997,12.8184,67.9999,300.0,67.1813,1.22222,49.9998
k23,1.7,19.9999,4.99997,12.7516,67.9999,300.0,67.248,1.22222,49.9998
k23,1.71,19.9999,4.99997,12.6856,67.9999,300.0,67.3141,1.22222,49.9998
k23,1.72,19.9999,4.99997,12.6202,67.9999,300.0,67.3795,1.22222,49.9998
k23,1.73,19.9999,4.99997,12.5555,67.9999,300.0,67.4442,1.22222,49.9998
k23,1.74,19.9999,4.99997,12.4914,67.9999,300.0,67.5083,1.22222,49.9998
k23,1.75,19.9999,4.99997,12.428,67.9999,300.0,67.5717,1.22222,49.9998
k23,1.76,19.9999,4.99997,12.3652,67.9999,300.0,67.6345,1.22222,49.9998
k23,1.77,19.9999,4.99997,12.303,67.9999,300.0,67.6966,1.22222,49.9998
k23,1.78,19.9999,4.99997,12.2415,67.9999,300.0,67.7582,1.22222,49.9998
k23,1.79,19.9999,4.99997,12.1805,67.9999,300.0,67.8191,1.22222,49.9998
k23,1.8,19.9999,4.99997,12.1202,67.9999,300.0,67.8795,1.22222,49.9998
k23,1.81,19.9999,4.99997,12.0604,67.9999,300.0,67.9392,1.22222,49.9998
k23,1.82,19.9999,4.99997,12.0013,67.9999,300.0,67.9984,1.22222,49.9998
k23,1.83,19.9999,4.99997,11.9427,67.9999,300.0,68.057,1.22222,49.9998
k23,1.84,19.9999,4.99997,11.8846,67.9999,300.0,68.115,1.22222,49.9998
k23,1.85,19.9999,4.99997,11.8272,67.9999,300.0,68.1725,1.22222,49.9998
k23,1.86,19.9999,4.99997,11.7702,67.9999,300.0,68.2294,1.22222,49.9998
k23,1.87,19.9999,4.99997,11.7139,67.9999,300.0,68.2858,1.22222,49.9998
k23,1.88,19.9999,4.99997,11.658,67.9999,300.0,68.3417,1.22222,49.9998
k23,1.89,19.9999,4.99997,11.6027,67.9999,300.0,68.397,1.22222,49.9998
k23,1.9,19.9999,4.99997,11.5479,67.9999,300.0,68.4518,1.22222,49.9998
k23,1.91,19.9999,4.99997,11.4936,67.9999,300.0,68.5061,1.22222,49.9998
k23,1.92,19.9999,4.99997,11.4398,67.9999,300.0,68.5599,1.22222,49.9998
k23,1.93,19.9999,4.99997,11.3865,67.9999,300.0,68.6132,1.22222,49.9998
k23,1.94,19.9999,4.99997,11.3337,67.9999,300.0,68.666,1.22222,49.9998
k23,1.95,19.9999,4.99997,11.2813,67.9999,300.0,68.7183,1.22222,49.9998
k23,1.96,19.9999,4.99997,11.2295,67.9999,300.0,68.7702,1.22222,49.9998
k23,1.97,19.9999,4.99997,11.1781,67.9999,300.0,68.8215,1.22222,49.9998
k23,1.98,19.9999,4.99997,11.1272,67.9999,300.0,68.8724,1.22222,49.9998
k23,1.99,19.9999,4.99997,11.0768,67.9999,300.0,68.9229,1.22222,49.9998
k23,2.,19.9999,4.99997,11.0268,67.9999,300.0,68.9729,1.22222,49.9998
kcia,0.5,29.224,7.78632,20.6609,35.6231,337.252,114.982,1.32812,64.6313
kcia,0.51,29.1074,7.74949,20.622,36.3295,336.785,113.883,1.32743,64.4525
kcia,0.52,28.9891,7.71218,20.5843,37.0354,336.312,112.788,1.3267,64.2708
kcia,0.53,28.8691,7.67436,20.548,37.7409,335.832,111.697,1.32595,64.0864
kcia,0.54,28.7472,7.63601,20.513,38.4457,335.345,110.608,1.32518,63.8989
kcia,0.55,28.6234,7.59712,20.4792,39.1499,334.85,109.522,1.32437,63.7083
kcia,0.56,28.4975,7.55766,20.4468,39.8534,334.348,108.438,1.32353,63.5144
kcia,0.57,28.3696,7.5176,20.4157,40.5563,333.838,107.356,1.32265,63.3171
kcia,0.58,28.2396,7.47692,20.386,41.2583,333.319,106.275,1.32174,63.1163
kcia,0.59,28.1072,7.4356,20.3575,41.9596,332.791,105.195,1.3208,62.9119
kcia,0.6,27.9725,7.39361,20.3304,42.66,332.255,104.116,1.31982,62.7036
kcia,0.61,27.8354,7.35092,20.3046,43.3594,331.709,103.037,1.3188,62.4913
kcia,0.62,27.6957,7.3075,20.2802,44.0578,331.153,101.958,1.31773,62.2749
kcia,0.63,27.5534,7.26333,20.2572,44.7551,330.586,100.878,1.31663,62.0541
kcia,0.64,27.4084,7.21838,20.2355,45.4512,330.009,99.7974,1.31547,61.8289
kcia,0.65,27.2605,7.17261,20.2151,46.146,329.42,98.7153,1.31427,61.599
kcia,0.66,27.1096,7.12601,20.1962,46.8394,328.82,97.6316,1.31302,61.3642
kcia,0.67,26.9557,7.07854,20.1786,47.5313,328.208,96.546,1.31171,61.1244
kcia,0.68,26.7986,7.03016,20.1623,48.2216,327.583,95.458,1.31035,60.8794
kcia,0.69,26.6382,6.98086,20.1475,48.9101,326.945,94.3673,1.30893,60.6291
kcia,0.7,26.4744,6.9306,20.134,49.5967,326.294,93.2737,1.30745,60.3731
kcia,0.71,26.3072,6.87935,20.1219,50.2812,325.629,92.177,1.30591,60.1114
kcia,0.72,26.1364,6.82709,20.1112,50.9634,324.949,91.0768,1.30429,59.8437
kcia,0.73,25.9618,6.77379,20.1017,51.6433,324.254,89.973,1.30261,59.57
kcia,0.74,25.7835,6.71944,20.0936,52.3205,323.545,88.8654,1.30085,59.2899
kcia,0.75,25.6014,6.66401,20.0868,52.9948,322.819,87.754,1.29902,59.0035
kcia,0.76,25.4153,6.60748,20.0811,53.666,322.078,86.6387,1.2971,58.7105
kcia,0.77,25.2253,6.54985,20.0767,54.3339,321.32,85.5194,1.2951,58.4108
kcia,0.78,25.0313,6.4911,20.0734,54.9981,320.545,84.3964,1.29301,58.1044
kcia,0.79,24.8332,6.43124,20.0712,55.6584,319.754,83.2696,1.29083,57.7912
kcia,0.8,24.6311,6.37026,20.0699,56.3145,318.946,82.1395,1.28856,57.4711
kcia,0.81,24.4249,6.30819,20.0695,56.966,318.121,81.0063,1.28619,57.1442
kcia,0.82,24.2148,6.24504,20.0698,57.6127,317.279,79.8704,1.28372,56.8105
kcia,0.83,24.0009,6.18085,20.0708,58.2541,316.42,78.7325,1.28115,56.4701
kcia,0.84,23.7831,6.11564,20.0723,58.8898,315.545,77.593,1.27847,56.1232
kcia,0.85,23.5618,6.04947,20.0741,59.5195,314.654,76.4528,1.27569,55.7699
kcia,0.86,23.337,5.98239,20.076,60.1429,313.747,75.3127,1.27281,55.4106
kcia,0.87,23.109,5.91447,20.0778,60.7594,312.825,74.1737,1.26981,55.0454
kcia,0.88,22.878,5.8458,20.0795,61.3688,311.89,73.0368,1.26671,54.6749
kcia,0.89,22.6443,5.77645,20.0806,61.9706,310.941,71.903,1.26351,54.2993
kcia,0.9,22.4082,5.70652,20.0811,62.5645,309.98,70.7737,1.2602,53.9193
kcia,0.91,22.1701,5.63612,20.0807,63.15,309.009,69.65,1.25679,53.5352
kcia,0.92,21.9303,5.56535,20.0791,63.7269,308.027,68.5333,1.25328,53.1478
kcia,0.93,21.6893,5.49433,20.0761,64.2949,307.038,67.4248,1.24968,52.7575
kcia,0.94,21.4473,5.42318,20.0716,64.8536,306.041,66.3258,1.24598,52.365
kcia,0.95,21.2049,5.35201,20.0652,65.4028,305.039,65.2376,1.2422,51.9709
kcia,0.96,20.9625,5.28094,20.0569,65.9423,304.033,64.1614,1.23834,51.576
kcia,0.97,20.7203,5.21009,20.0464,66.4719,303.025,63.0985,1.23441,51.1808
kcia,0.98,20.479,5.13958,20.0335,66.9914,302.016,62.0499,1.2304,50.7859
kcia,0.99,20.2387,5.0695,20.0181,67.5008,301.007,61.0166,1.22634,50.3921
kcia,1.,19.9999,4.99997,20.0001,67.9999,300.0,59.9995,1.22222,49.9998
kcia,1.01,19.7629,4.93108,19.9794,68.4888,298.996,58.9996,1.21805,49.6097
kcia,1.02,19.5281,4.86291,19.9559,68.9675,297.997,58.0173,1.21384,49.2222
kcia,1.03,19.2956,4.79553,19.9296,69.436,297.003,57.0534,1.20959,48.8379
kcia,1.04,19.0659,4.72904,19.9004,69.8943,296.016,56.1083,1.20532,48.4571
kcia,1.05,18.839,4.66347,19.8683,70.3426,295.036,55.1824,1.20102,48.0803
kcia,1.06,18.6152,4.59888,19.8333,70.781,294.065,54.2759,1.19671,47.7077
kcia,1.07,18.3947,4.53533,19.7955,71.2096,293.102,53.3891,1.19239,47.3398
kcia,1.08,18.1776,4.47283,19.7549,71.6287,292.15,52.5219,1.18806,46.9767
kcia,1.09,17.964,4.41143,19.7116,72.0383,291.207,51.6744,1.18373,46.6187
kcia,1.1,17.754,4.35114,19.6656,72.4386,290.276,50.8465,1.1794,46.2659
kcia,1.11,17.5477,4.29198,19.6171,72.8299,289.355,50.0381,1.17508,45.9184
kcia,1.12,17.3451,4.23396,19.566,73.2124,288.446,49.249,1.17078,45.5765
kcia,1.13,17.1463,4.17708,19.5126,73.5863,287.549,48.4789,1.16649,45.2401
kcia,1.14,16.9512,4.12134,19.4568,73.9518,286.663,47.7275,1.16221,44.9093
kcia,1.15,16.7599,4.06674,19.3989,74.3091,285.789,46.9946,1.15796,44.5842
kcia,1.16,16.5724,4.01327,19.3389,74.6585,284.928,46.2797,1.15374,44.2646
kcia,1.17,16.3886,3.96091,19.277,75.0001,284.078,45.5826,1.14953,43.9508
kcia,1.18,16.2085,3.90967,19.2132,75.3342,283.241,44.9027,1.14536,43.6425
kcia,1.19,16.032,3.85951,19.1476,75.661,282.415,44.2398,1.14122,43.3397
kcia,1.2,15.8591,3.81043,19.0804,75.9807,281.602,43.5933,1.13711,43.0425
kcia,1.21,15.6898,3.7624,19.0117,76.2935,280.8,42.9629,1.13303,42.7507
kcia,1.22,15.524,3.71541,18.9416,76.5997,280.01,42.3481,1.12899,42.4642
kcia,1.23,15.3617,3.66943,18.8702,76.8993,279.232,41.7486,1.12498,42.183
kcia,1.24,15.2026,3.62445,18.7975,77.1927,278.465,41.1638,1.12101,41.907
kcia,1.25,15.0469,3.58043,18.7237,77.4799,277.709,40.5935,1.11707,41.6361
kcia,1.26,14.8944,3.53737,18.6489,77.7613,276.965,40.0371,1.11317,41.3702
kcia,1.27,14.745,3.49523,18.5732,78.0369,276.231,39.4943,1.10931,41.1091
kcia,1.28,14.5988,3.45399,18.4965,78.3069,275.508,38.9646,1.10549,40.8529
kcia,1.29,14.4555,3.41364,18.4192,78.5715,274.795,38.4477,1.1017,40.6014
kcia,1.3,14.3152,3.37415,18.3411,78.8309,274.093,37.9432,1.09796,40.3544
kcia,1.31,14.1777,3.33549,18.2624,79.0853,273.401,37.4507,1.09425,40.112
kcia,1.32,14.043,3.29765,18.1831,79.3346,272.719,36.9698,1.09058,39.874
kcia,1.33,13.9111,3.26061,18.1034,79.5792,272.047,36.5003,1.08695,39.6402
kcia,1.34,13.7818,3.22434,18.0233,79.8192,271.384,36.0416,1.08336,39.4106
kcia,1.35,13.6551,3.18882,17.9428,80.0546,270.73,35.5936,1.0798,39.1851
kcia,1.36,13.5309,3.15403,17.862,80.2857,270.086,35.1559,1.07628,38.9636
kcia,1.37,13.4091,3.11996,17.7809,80.5125,269.45,34.7282,1.0728,38.746
kcia,1.38,13.2898,3.08658,17.6997,80.7352,268.824,34.3102,1.06936,38.5322
kcia,1.39,13.1728,3.05388,17.6183,80.9538,268.205,33.9015,1.06595,38.3222
kcia,1.4,13.058,3.02183,17.5368,81.1686,267.595,33.5019,1.06259,38.1157
kcia,1.41,12.9454,2.99042,17.4552,81.3796,266.994,33.1112,1.05925,37.9128
kcia,1.42,12.835,2.95964,17.3737,81.5869,266.4,32.729,1.05596,37.7133
kcia,1.43,12.7267,2.92946,17.2921,81.7906,265.814,32.3551,1.0527,37.5171
kcia,1.44,12.6205,2.89987,17.2106,81.9909,265.236,31.9893,1.04947,37.3243
kcia,1.45,12.5162,2.87085,17.1292,82.1877,264.665,31.6312,1.04628,37.1346
kcia,1.46,12.4138,2.84239,17.048,82.3813,264.102,31.2808,1.04312,36.9481
kcia,1.47,12.3133,2.81447,16.9668,82.5717,263.546,30.9377,1.04,36.7646
kcia,1.48,12.2147,2.78708,16.8859,82.7589,262.997,30.6017,1.03691,36.5841
kcia,1.49,12.1178,2.76021,16.8051,82.9431,262.454,30.2727,1.03385,36.4064
kcia,1.5,12.0227,2.73383,16.7246,83.1243,261.919,29.9505,1.03083,36.2316
kcia,1.51,11.9293,2.70794,16.6443,83.3027,261.39,29.6347,1.02784,36.0596
kcia,1.52,11.8375,2.68253,16.5643,83.4783,260.867,29.3253,1.02488,35.8902
kcia,1.53,11.7474,2.65758,16.4846,83.6511,260.351,29.0221,1.02195,35.7235
kcia,1.54,11.6588,2.63308,16.4052,83.8212,259.84,28.7249,1.01905,35.5593
kcia,1.55,11.5717,2.60902,16.3261,83.9888,259.336,28.4335,1.01618,35.3977
kcia,1.56,11.4861,2.58539,16.2474,84.1538,258.838,28.1478,1.01335,35.2385
kcia,1.57,11.402,2.56217,16.169,84.3164,258.346,27.8676,1.01054,35.0816
kcia,1.58,11.3193,2.53936,16.091,84.4765,257.859,27.5928,1.00776,34.9271
kcia,1.59,11.238,2.51695,16.0133,84.6343,257.377,27.3231,1.00501,34.7749
kcia,1.6,11.158,2.49492,15.9361,84.7898,256.902,27.0586,1.00229,34.6249
kcia,1.61,11.0793,2.47327,15.8592,84.943,256.431,26.7989,0.999594,34.4771
kcia,1.62,11.0019,2.45198,15.7827,85.0941,255.966,26.5441,0.996928,34.3314
kcia,1.63,10.9258,2.43106,15.7067,85.243,255.506,26.2939,0.994288,34.1878
kcia,1.64,10.8509,2.41048,15.6311,85.3899,255.05,26.0483,0.991676,34.0462
kcia,1.65,10.7772,2.39024,15.5559,85.5347,254.6,25.8072,0.989089,33.9067
kcia,1.66,10.7046,2.37034,15.4812,85.6775,254.155,25.5703,0.986529,33.769
kcia,1.67,10.6332,2.35076,15.4069,85.8184,253.714,25.3377,0.983993,33.6333
kcia,1.68,10.5629,2.3315,15.333,85.9574,253.278,25.1091,0.981483,33.4994
kcia,1.69,10.4937,2.31254,15.2597,86.0945,252.846,24.8845,0.978998,33.3673
kcia,1.7,10.4256,2.29389,15.1867,86.2298,252.419,24.6639,0.976537,33.237
kcia,1.71,10.3584,2.27554,15.1142,86.3633,251.996,24.447,0.9741,33.1084
kcia,1.72,10.2923,2.25747,15.0422,86.4951,251.577,24.2338,0.971687,32.9815
kcia,1.73,10.2272,2.23968,14.9707,86.6251,251.163,24.0242,0.969297,32.8564
kcia,1.74,10.1631,2.22217,14.8996,86.7535,250.753,23.8182,0.966929,32.7328
kcia,1.75,10.0998,2.20493,14.829,86.8803,250.347,23.6156,0.964585,32.6108
kcia,1.76,10.0376,2.18795,14.7589,87.0055,249.945,23.4163,0.962263,32.4904
kcia,1.77,9.97618,2.17123,14.6892,87.1291,249.546,23.2203,0.959962,32.3715
kcia,1.78,9.91568,2.15476,14.6201,87.2512,249.152,23.0275,0.957683,32.2542
kcia,1.79,9.85605,2.13854,14.5513,87.3718,248.761,22.8378,0.955426,32.1383
kcia,1.8,9.79726,2.12255,14.4831,87.491,248.374,22.6511,0.95319,32.0238
kcia,1.81,9.73931,2.1068,14.4154,87.6087,247.991,22.4674,0.950974,31.9107
kcia,1.82,9.68216,2.09128,14.3481,87.725,247.611,22.2866,0.948778,31.7991
kcia,1.83,9.6258,2.07599,14.2813,87.8399,247.234,22.1087,0.946603,31.6887
kcia,1.84,9.57022,2.06092,14.2149,87.9534,246.862,21.9335,0.944448,31.5798
kcia,1.85,9.51541,2.04606,14.1491,88.0657,246.492,21.761,0.942312,31.4721
kcia,1.86,9.46133,2.03141,14.0837,88.1766,246.126,21.5912,0.940195,31.3657
kcia,1.87,9.40799,2.01697,14.0187,88.2863,245.763,21.4239,0.938097,31.2605
kcia,1.88,9.35536,2.00273,13.9543,88.3947,245.403,21.2592,0.936018,31.1566
kcia,1.89,9.30342,1.98869,13.8903,88.5019,245.047,21.097,0.933957,31.0538
kcia,1.9,9.25218,1.97484,13.8268,88.6078,244.693,20.9371,0.931915,30.9523
kcia,1.91,9.2016,1.96118,13.7637,88.7126,244.343,20.7797,0.92989,30.8519
kcia,1.92,9.15169,1.94771,13.7011,88.8163,243.995,20.6245,0.927883,30.7527
kcia,1.93,9.10242,1.93443,13.6389,88.9188,243.651,20.4716,0.925894,30.6546
kcia,1.94,9.05378,1.92132,13.5772,89.0202,243.309,20.3209,0.923922,30.5575
kcia,1.95,9.00576,1.90838,13.516,89.1205,242.971,20.1724,0.921966,30.4616
kcia,1.96,8.95835,1.89562,13.4552,89.2197,242.635,20.026,0.920027,30.3667
kcia,1.97,8.91153,1.88303,13.3949,89.3179,242.302,19.8817,0.918105,30.2728
kcia,1.98,8.8653,1.8706,13.335,89.415,241.971,19.7395,0.916199,30.18
kcia,1.99,8.81965,1.85833,13.2755,89.5111,241.644,19.5992,0.914309,30.0881
kcia,2.,8.77455,1.84622,13.2165,89.6062,241.319,19.4608,0.912435,29.9973
kvac,0.5,21.9291,5.56499,9.66826,69.2677,308.022,34.6351,1.25326,53.1458
kvac,0.51,21.8871,5.55261,9.86904,69.2448,307.85,35.2212,1.25264,53.0779
kvac,0.52,21.8453,5.54028,10.0701,69.2218,307.678,35.8036,1.25202,53.0101
kvac,0.53,21.8035,5.52798,10.2714,69.1986,307.507,36.3825,1.25139,52.9426
kvac,0.54,21.7619,5.51573,10.473,69.1754,307.336,36.9577,1.25077,52.8752
kvac,0.55,21.7205,5.50352,10.6749,69.152,307.166,37.5294,1.25015,52.808
kvac,0.56,21.6791,5.49135,10.877,69.1285,306.996,38.0975,1.24952,52.741
kvac,0.57,21.6379,5.47922,11.0794,69.1049,306.826,38.6621,1.2489,52.6742
kvac,0.58,21.5969,5.46714,11.282,69.0812,306.657,39.2233,1.24827,52.6077
kvac,0.59,21.5559,5.4551,11.4849,69.0573,306.489,39.781,1.24765,52.5412
kvac,0.6,21.5151,5.4431,11.688,69.0334,306.321,40.3352,1.24702,52.475
kvac,0.61,21.4745,5.43115,11.8914,69.0093,306.153,40.8861,1.2464,52.409
kvac,0.62,21.434,5.41924,12.0951,68.9852,305.986,41.4336,1.24577,52.3432
kvac,0.63,21.3936,5.40738,12.299,68.9609,305.819,41.9778,1.24515,52.2776
kvac,0.64,21.3533,5.39556,12.5031,68.9365,305.653,42.5187,1.24452,52.2122
kvac,0.65,21.3132,5.38378,12.7075,68.9121,305.487,43.0562,1.2439,52.147
kvac,0.66,21.2732,5.37205,12.9122,68.8875,305.322,43.5906,1.24327,52.0821
kvac,0.67,21.2334,5.36036,13.117,68.8628,305.157,44.1216,1.24265,52.0173
kvac,0.68,21.1937,5.34872,13.3221,68.838,304.993,44.6495,1.24202,51.9527
kvac,0.69,21.1542,5.33712,13.5275,68.8132,304.829,45.1742,1.2414,51.8883
kvac,0.7,21.1148,5.32557,13.7331,68.7882,304.665,45.6958,1.24077,51.8242
kvac,0.71,21.0755,5.31406,13.9389,68.7631,304.503,46.2142,1.24015,51.7602
kvac,0.72,21.0364,5.3026,14.145,68.7379,304.34,46.7296,1.23953,51.6965
kvac,0.73,20.9974,5.29118,14.3512,68.7127,304.178,47.2418,1.2389,51.633
kvac,0.74,20.9586,5.27981,14.5578,68.6873,304.017,47.7511,1.23828,51.5697
kvac,0.75,20.9199,5.26848,14.7645,68.6619,303.856,48.2572,1.23765,51.5066
kvac,0.76,20.8814,5.2572,14.9715,68.6364,303.696,48.7604,1.23703,51.4437
kvac,0.77,20.843,5.24596,15.1786,68.6107,303.536,49.2607,1.23641,51.381
kvac,0.78,20.8047,5.23477,15.386,68.585,303.377,49.7579,1.23579,51.3186
kvac,0.79,20.7666,5.22362,15.5936,68.5592,303.218,50.2523,1.23516,51.2563
kvac,0.8,20.7286,5.21252,15.8015,68.5334,303.06,50.7437,1.23454,51.1943
kvac,0.81,20.6908,5.20147,16.0095,68.5074,302.902,51.2323,1.23392,51.1325
kvac,0.82,20.6532,5.19046,16.2178,68.4814,302.744,51.718,1.2333,51.071
kvac,0.83,20.6156,5.17949,16.4262,68.4552,302.588,52.2009,1.23268,51.0096
kvac,0.84,20.5782,5.16857,16.6349,68.429,302.431,52.681,1.23206,50.9484
kvac,0.85,20.541,5.1577,16.8438,68.4028,302.276,53.1583,1.23144,50.8875
kvac,0.86,20.5039,5.14687,17.0529,68.3764,302.12,53.6329,1.23082,50.8268
kvac,0.87,20.467,5.13608,17.2621,68.35,301.965,54.1047,1.2302,50.7663
kvac,0.88,20.4302,5.12534,17.4716,68.3235,301.811,54.5738,1.22958,50.706
kvac,0.89,20.3935,5.11465,17.6813,68.2969,301.657,55.0403,1.22897,50.646
kvac,0.9,20.357,5.104,17.8912,68.2702,301.504,55.504,1.22835,50.5861
kvac,0.91,20.3206,5.0934,18.1012,68.2435,301.351,55.9651,1.22773,50.5265
kvac,0.92,20.2844,5.08284,18.3115,68.2167,301.199,56.4236,1.22712,50.4671
kvac,0.93,20.2483,5.07232,18.5219,68.1898,301.048,56.8795,1.2265,50.4079
kvac,0.94,20.2124,5.06185,18.7325,68.1629,300.896,57.3328,1.22589,50.349
kvac,0.95,20.1766,5.05143,18.9434,68.1359,300.746,57.7835,1.22527,50.2902
kvac,0.96,20.141,5.04105,19.1543,68.1088,300.596,58.2317,1.22466,50.2317
kvac,0.97,20.1055,5.03071,19.3655,68.0817,300.446,58.6774,1.22405,50.1734
kvac,0.98,20.0702,5.02042,19.5769,68.0545,300.297,59.1206,1.22344,50.1153
kvac,0.99,20.0349,5.01018,19.7884,68.0272,300.148,59.5613,1.22283,50.0575
kvac,1.,19.9999,4.99997,20.0001,67.9999,300.0,59.9995,1.22222,49.9998
kvac,1.01,19.965,4.98981,20.212,67.9726,299.852,60.4354,1.22161,49.9424
kvac,1.02,19.9302,4.9797,20.424,67.9451,299.705,60.8688,1.221,49.8852
kvac,1.03,19.8956,4.96963,20.6363,67.9176,299.559,61.2998,1.22039,49.8282
kvac,1.04,19.8611,4.9596,20.8486,67.8901,299.413,61.7284,1.21978,49.7714
kvac,1.05,19.8267,4.94962,21.0612,67.8625,299.267,62.1547,1.21918,49.7148
kvac,1.06,19.7925,4.93968,21.2739,67.8348,299.122,62.5786,1.21857,49.6585
kvac,1.07,19.7584,4.92978,21.4868,67.8071,298.977,63.0002,1.21797,49.6023
kvac,1.08,19.7245,4.91993,21.6998,67.7793,298.833,63.4195,1.21737,49.5464
kvac,1.09,19.6907,4.91012,21.913,67.7515,298.69,63.8365,1.21676,49.4907
kvac,1.1,19.6571,4.90035,22.1264,67.7236,298.547,64.2513,1.21616,49.4352
kvac,1.11,19.6236,4.89062,22.3399,67.6957,298.404,64.6638,1.21556,49.3799
kvac,1.12,19.5902,4.88094,22.5535,67.6678,298.262,65.0741,1.21496,49.3249
kvac,1.13,19.557,4.8713,22.7673,67.6397,298.12,65.4822,1.21436,49.27
kvac,1.14,19.5239,4.8617,22.9813,67.6117,297.979,65.888,1.21376,49.2154
kvac,1.15,19.491,4.85215,23.1954,67.5836,297.839,66.2918,1.21317,49.1609
kvac,1.16,19.4582,4.84263,23.4096,67.5554,297.698,66.6933,1.21257,49.1067
kvac,1.17,19.4255,4.83316,23.624,67.5272,297.559,67.0927,1.21197,49.0527
kvac,1.18,19.3929,4.82373,23.8385,67.499,297.42,67.49,1.21138,48.9989
kvac,1.19,19.3605,4.81434,24.0532,67.4707,297.281,67.8852,1.21079,48.9453
kvac,1.2,19.3283,4.805,24.268,67.4424,297.143,68.2782,1.21019,48.8919
kvac,1.21,19.2962,4.79569,24.4829,67.414,297.005,68.6693,1.2096,48.8388
kvac,1.22,19.2642,4.78642,24.698,67.3856,296.868,69.0582,1.20901,48.7858
kvac,1.23,19.2323,4.7772,24.9132,67.3572,296.731,69.4451,1.20842,48.733
kvac,1.24,19.2006,4.76802,25.1285,67.3287,296.595,69.83,1.20784,48.6805
kvac,1.25,19.169,4.75887,25.344,67.3002,296.46,70.2129,1.20725,48.6281
kvac,1.26,19.1375,4.74977,25.5596,67.2717,296.324,70.5937,1.20666,48.576
kvac,1.27,19.1062,4.7407,25.7753,67.2431,296.189,70.9726,1.20608,48.524
kvac,1.28,19.075,4.73168,25.9911,67.2145,296.055,71.3496,1.20549,48.4723
kvac,1.29,19.0439,4.7227,26.2071,67.1858,295.921,71.7245,1.20491,48.4207
kvac,1.3,19.013,4.71375,26.4232,67.1572,295.788,72.0976,1.20433,48.3694
kvac,1.31,18.9822,4.70485,26.6394,67.1285,295.655,72.4687,1.20374,48.3182
kvac,1.32,18.9515,4.69598,26.8557,67.0997,295.523,72.8379,1.20316,48.2673
kvac,1.33,18.921,4.68716,27.0721,67.071,295.391,73.2052,1.20259,48.2166
kvac,1.34,18.8906,4.67837,27.2886,67.0422,295.259,73.5707,1.20201,48.166
kvac,1.35,18.8603,4.66962,27.5053,67.0133,295.128,73.9343,1.20143,48.1157
kvac,1.36,18.8301,4.66091,27.7221,66.9845,294.998,74.296,1.20085,48.0655
kvac,1.37,18.8001,4.65223,27.9389,66.9556,294.867,74.6559,1.20028,48.0156
kvac,1.38,18.7702,4.6436,28.1559,66.9267,294.738,75.014,1.19971,47.9658
kvac,1.39,18.7404,4.635,28.373,66.8978,294.609,75.3703,1.19913,47.9162
kvac,1.4,18.7107,4.62644,28.5902,66.8688,294.48,75.7248,1.19856,47.8669
kvac,1.41,18.6812,4.61792,28.8075,66.8398,294.352,76.0775,1.19799,47.8177
kvac,1.42,18.6518,4.60943,29.0249,66.8108,294.224,76.4284,1.19742,47.7687
kvac,1.43,18.6225,4.60098,29.2424,66.7818,294.096,76.7776,1.19685,47.7199
kvac,1.44,18.5933,4.59257,29.46,66.7527,293.969,77.125,1.19629,47.6713
kvac,1.45,18.5643,4.5842,29.6777,66.7237,293.843,77.4707,1.19572,47.6228
kvac,1.46,18.5354,4.57586,29.8955,66.6946,293.717,77.8147,1.19515,47.5746
kvac,1.47,18.5066,4.56756,30.1133,66.6655,293.591,78.157,1.19459,47.5266
kvac,1.48,18.4779,4.55929,30.3313,66.6363,293.466,78.4976,1.19403,47.4787
kvac,1.49,18.4493,4.55106,30.5494,66.6072,293.341,78.8366,1.19347,47.431
kvac,1.5,18.4209,4.54287,30.7675,66.578,293.217,79.1738,1.1929,47.3835
kvac,1.51,18.3926,4.53471,30.9858,66.5489,293.093,79.5094,1.19234,47.3362
kvac,1.52,18.3643,4.52659,31.2041,66.5197,292.969,79.8434,1.19179,47.2891
kvac,1.53,18.3363,4.5185,31.4225,66.4904,292.846,80.1757,1.19123,47.2421
kvac,1.54,18.3083,4.51044,31.641,66.4612,292.724,80.5064,1.19067,47.1954
kvac,1.55,18.2804,4.50242,31.8596,66.432,292.601,80.8355,1.19012,47.1488
kvac,1.56,18.2527,4.49444,32.0782,66.4027,292.48,81.163,1.18956,47.1024
kvac,1.57,18.2251,4.48649,32.297,66.3734,292.358,81.4889,1.18901,47.0562
kvac,1.58,18.1975,4.47857,32.5158,66.3442,292.237,81.8133,1.18846,47.0101
kvac,1.59,18.1701,4.47069,32.7347,66.3149,292.117,82.1361,1.18791,46.9642
kvac,1.6,18.1428,4.46284,32.9536,66.2856,291.997,82.4573,1.18736,46.9185
kvac,1.61,18.1157,4.45503,33.1727,66.2562,291.877,82.777,1.18681,46.873
kvac,1.62,18.0886,4.44725,33.3918,66.2269,291.758,83.0951,1.18626,46.8277
kvac,1.63,18.0617,4.4395,33.611,66.1976,291.639,83.4118,1.18572,46.7825
kvac,1.64,18.0348,4.43178,33.8302,66.1682,291.52,83.7269,1.18517,46.7375
kvac,1.65,18.0081,4.4241,34.0496,66.1389,291.402,84.0406,1.18463,46.6926
kvac,1.66,17.9815,4.41645,34.2689,66.1095,291.284,84.3527,1.18408,46.648
kvac,1.67,17.9549,4.40883,34.4884,66.0801,291.167,84.6634,1.18354,46.6035
kvac,1.68,17.9285,4.40125,34.7079,66.0507,291.05,84.9726,1.183,46.5592
kvac,1.69,17.9022,4.3937,34.9275,66.0213,290.934,85.2803,1.18246,46.515
kvac,1.7,17.876,4.38618,35.1472,65.9919,290.818,85.5866,1.18192,46.471
kvac,1.71,17.85,4.37869,35.3669,65.9625,290.702,85.8915,1.18139,46.4272
kvac,1.72,17.824,4.37123,35.5866,65.9331,290.587,86.1949,1.18085,46.3835
kvac,1.73,17.7981,4.3638,35.8065,65.9037,290.472,86.4969,1.18032,46.34
kvac,1.74,17.7723,4.35641,36.0264,65.8743,290.357,86.7975,1.17978,46.2967
kvac,1.75,17.7467,4.34904,36.2463,65.8449,290.243,87.0967,1.17925,46.2535
kvac,1.76,17.7211,4.34171,36.4663,65.8155,290.129,87.3945,1.17872,46.2105
kvac,1.77,17.6957,4.3344,36.6864,65.786,290.016,87.6909,1.17819,46.1677
kvac,1.78,17.6703,4.32713,36.9065,65.7566,289.903,87.986,1.17766,46.125
kvac,1.79,17.645,4.31989,37.1266,65.7272,289.79,88.2797,1.17713,46.0825
kvac,1.8,17.6199,4.31268,37.3468,65.6977,289.678,88.572,1.1766,46.0401
kvac,1.81,17.5948,4.30549,37.5671,65.6683,289.566,88.863,1.17608,45.9979
kvac,1.82,17.5699,4.29834,37.7874,65.6388,289.454,89.1527,1.17555,45.9558
kvac,1.83,17.545,4.29122,38.0078,65.6094,289.343,89.441,1.17503,45.9139
kvac,1.84,17.5203,4.28413,38.2282,65.58,289.232,89.728,1.1745,45.8722
kvac,1.85,17.4956,4.27706,38.4486,65.5505,289.122,90.0137,1.17398,45.8306
kvac,1.86,17.4711,4.27003,38.6691,65.5211,289.012,90.2981,1.17346,45.7892
kvac,1.87,17.4466,4.26302,38.8896,65.4916,288.902,90.5813,1.17294,45.7479
kvac,1.88,17.4222,4.25604,39.1102,65.4622,288.793,90.8631,1.17242,45.7068
kvac,1.89,17.398,4.24909,39.3308,65.4328,288.684,91.1436,1.17191,45.6658
kvac,1.9,17.3738,4.24217,39.5515,65.4033,288.575,91.4229,1.17139,45.6249
kvac,1.91,17.3497,4.23528,39.7722,65.3739,288.467,91.7009,1.17088,45.5843
kvac,1.92,17.3257,4.22841,39.9929,65.3445,288.359,91.9777,1.17036,45.5437
kvac,1.93,17.3018,4.22157,40.2137,65.315,288.251,92.2532,1.16985,45.5033
kvac,1.94,17.278,4.21477,40.4345,65.2856,288.144,92.5275,1.16934,45.4631
kvac,1.95,17.2543,4.20798,40.6553,65.2562,288.037,92.8006,1.16883,45.423
kvac,1.96,17.2307,4.20123,40.8762,65.2268,287.93,93.0724,1.16832,45.3831
kvac,1.97,17.2072,4.1945,41.0971,65.1974,287.824,93.3431,1.16781,45.3433
kvac,1.98,17.1838,4.1878,41.318,65.1679,287.718,93.6125,1.1673,45.3036
kvac,1.99,17.1604,4.18113,41.539,65.1385,287.613,93.8807,1.16679,45.2641
kvac,2.,17.1372,4.17448,41.76,65.1091,287.507,94.1478,1.16629,45.2247
kmit,0.5,8.17617,3.68311,18.8917,84.7252,236.867,41.9268,0.886835,28.7771
kmit,0.51,8.34426,3.70211,18.9212,84.4406,238.145,42.1746,0.894166,29.1227
kmit,0.52,8.51412,3.72134,18.9506,84.1558,239.414,42.4256,0.901462,29.4696
kmit,0.53,8.68582,3.74079,18.9798,83.8707,240.675,42.6799,0.908725,29.8181
kmit,0.54,8.85939,3.76048,19.0089,83.5852,241.929,42.9377,0.915955,30.1681
kmit,0.55,9.03491,3.78041,19.0379,83.2992,243.176,43.199,0.923154,30.5198
kmit,0.56,9.21242,3.80059,19.0666,83.0125,244.418,43.464,0.930324,30.8734
kmit,0.57,9.392,3.82102,19.0952,82.725,245.654,43.7326,0.937467,31.2289
kmit,0.58,9.57369,3.84172,19.1236,82.4366,246.885,44.0051,0.944582,31.5866
kmit,0.59,9.75756,3.86268,19.1519,82.1472,248.112,44.2815,0.951673,31.9464
kmit,0.6,9.94366,3.88391,19.1799,81.8565,249.334,44.562,0.958739,32.3085
kmit,0.61,10.1321,3.90543,19.2077,81.5647,250.554,44.8465,0.965782,32.673
kmit,0.62,10.3229,3.92722,19.2354,81.2714,251.771,45.1353,0.972803,33.0402
kmit,0.63,10.5161,3.94931,19.2628,80.9766,252.986,45.4285,0.979802,33.4099
kmit,0.64,10.7118,3.9717,19.29,80.6801,254.198,45.726,0.986781,33.7825
kmit,0.65,10.91,3.99439,19.317,80.3819,255.41,46.0281,0.99374,34.1581
kmit,0.66,11.111,4.0174,19.3437,80.0819,256.621,46.3348,1.00068,34.5366
kmit,0.67,11.3146,4.04071,19.3701,79.7798,257.831,46.6463,1.0076,34.9183
kmit,0.68,11.521,4.06435,19.3963,79.4756,259.041,46.9627,1.0145,35.3033
kmit,0.69,11.7302,4.08832,19.4222,79.1692,260.252,47.284,1.02139,35.6917
kmit,0.7,11.9424,4.11262,19.4478,78.8605,261.464,47.6103,1.02826,36.0836
kmit,0.71,12.1575,4.13726,19.4731,78.5492,262.677,47.9418,1.03511,36.4792
kmit,0.72,12.3757,4.16224,19.4981,78.2355,263.892,48.2786,1.04194,36.8786
kmit,0.73,12.5971,4.18758,19.5227,77.919,265.108,48.6208,1.04876,37.2818
kmit,0.74,12.8217,4.21326,19.547,77.5997,266.328,48.9684,1.05556,37.6891
kmit,0.75,13.0495,4.2393,19.5709,77.2774,267.55,49.3215,1.06234,38.1005
kmit,0.76,13.2808,4.26571,19.5944,76.9522,268.776,49.6803,1.0691,38.5161
kmit,0.77,13.5155,4.29247,19.6175,76.6237,270.006,50.0448,1.07584,38.9361
kmit,0.78,13.7537,4.3196,19.6402,76.292,271.239,50.415,1.08257,39.3607
kmit,0.79,13.9955,4.3471,19.6624,75.9569,272.477,50.7912,1.08928,39.7898
kmit,0.8,14.2409,4.37497,19.6842,75.6184,273.72,51.1732,1.09596,40.2236
kmit,0.81,14.4901,4.4032,19.7056,75.2762,274.968,51.5612,1.10262,40.6622
kmit,0.82,14.7431,4.43181,19.7264,74.9304,276.222,51.9552,1.10926,41.1058
kmit,0.83,15.0,4.46078,19.7467,74.5807,277.481,52.3552,1.11588,41.5544
kmit,0.84,15.2608,4.49011,19.7665,74.2272,278.746,52.7612,1.12247,42.0081
kmit,0.85,15.5257,4.5198,19.7858,73.8697,280.018,53.1732,1.12903,42.467
kmit,0.86,15.7945,4.54985,19.8045,73.5081,281.297,53.5912,1.13556,42.9312
kmit,0.87,16.0675,4.58023,19.8226,73.1425,282.582,54.0152,1.14206,43.4007
kmit,0.88,16.3446,4.61096,19.8401,72.7726,283.874,54.445,1.14852,43.8756
kmit,0.89,16.626,4.64201,19.857,72.3985,285.174,54.8806,1.15495,44.356
kmit,0.9,16.9115,4.67338,19.8734,72.02,286.482,55.3219,1.16134,44.8419
kmit,0.91,17.2013,4.70504,19.889,71.6373,287.797,55.7688,1.16768,45.3333
kmit,0.92,17.4953,4.73698,19.904,71.2502,289.121,56.221,1.17398,45.8302
kmit,0.93,17.7937,4.76919,19.9184,70.8588,290.452,56.6783,1.18022,46.3326
kmit,0.94,18.0963,4.80164,19.9321,70.463,291.791,57.1405,1.18642,46.8405
kmit,0.95,18.4031,4.83431,19.9451,70.0629,293.139,57.6074,1.19255,47.3539
kmit,0.96,18.7142,4.86718,19.9575,69.6585,294.495,58.0787,1.19863,47.8727
kmit,0.97,19.0295,4.90021,19.9692,69.25,295.859,58.5539,1.20464,48.3967
kmit,0.98,19.3489,4.93337,19.9801,68.8373,297.231,59.0327,1.21057,48.9261
kmit,0.99,19.6724,4.96664,19.9905,68.4205,298.612,59.5148,1.21644,49.4605
kmit,1.,19.9999,4.99997,20.0001,67.9999,300.0,59.9995,1.22222,49.9998
kmit,1.01,20.3313,5.03334,20.0091,67.5756,301.396,60.4866,1.22791,50.544
kmit,1.02,20.6665,5.06669,20.0174,67.1476,302.8,60.9753,1.23352,51.0927
kmit,1.03,21.0053,5.1,20.0251,66.7163,304.211,61.4651,1.23903,51.6458
kmit,1.04,21.3477,5.13321,20.0322,66.2819,305.63,61.9556,1.24444,52.2031
kmit,1.05,21.6935,5.16628,20.0387,65.8445,307.055,62.4459,1.24974,52.7643
kmit,1.06,22.0425,5.19918,20.0445,65.4044,308.487,62.9356,1.25493,53.3292
kmit,1.07,22.3946,5.23185,20.0498,64.962,309.925,63.4238,1.26001,53.8974
kmit,1.08,22.7495,5.26424,20.0546,64.5175,311.369,63.91,1.26496,54.4686
kmit,1.09,23.1072,5.29632,20.0589,64.0712,312.818,64.3935,1.26979,55.0425
kmit,1.1,23.4673,5.32804,20.0627,63.6236,314.273,64.8734,1.27449,55.6189
kmit,1.11,23.8296,5.35934,20.066,63.1748,315.732,65.3492,1.27905,56.1973
kmit,1.12,24.194,5.39019,20.0689,62.7253,317.195,65.8201,1.28347,56.7774
kmit,1.13,24.5602,5.42055,20.0714,62.2754,318.662,66.2854,1.28775,57.3588
kmit,1.14,24.928,5.45038,20.0735,61.8256,320.133,66.7445,1.29188,57.9412
kmit,1.15,25.2972,5.47963,20.0753,61.3761,321.607,67.1967,1.29586,58.5243
kmit,1.16,25.6676,5.50827,20.0768,60.9274,323.083,67.6414,1.29969,59.1076
kmit,1.17,26.0388,5.53627,20.078,60.4798,324.561,68.0779,1.30336,59.6908
kmit,1.18,26.4108,5.56359,20.079,60.0336,326.041,68.5056,1.30687,60.2736
kmit,1.19,26.7833,5.59021,20.0798,59.5893,327.522,68.9241,1.31022,60.8555
kmit,1.2,27.156,5.6161,20.0803,59.1471,329.005,69.3329,1.31341,61.4364
kmit,1.21,27.5288,5.64124,20.0807,58.7075,330.488,69.7314,1.31643,62.0158
kmit,1.22,27.9014,5.66562,20.081,58.2706,331.971,70.1192,1.31929,62.5935
kmit,1.23,28.2737,5.6892,20.0811,57.8369,333.455,70.496,1.32198,63.1691
kmit,1.24,28.6455,5.71199,20.0811,57.4066,334.939,70.8615,1.32451,63.7424
kmit,1.25,29.0166,5.73396,20.081,56.9799,336.422,71.2152,1.32687,64.313
kmit,1.26,29.3868,5.75511,20.0809,56.5572,337.904,71.557,1.32907,64.8808
kmit,1.27,29.756,5.77544,20.0806,56.1386,339.386,71.8866,1.3311,65.4455
kmit,1.28,30.1239,5.79494,20.0804,55.7243,340.867,72.2039,1.33296,66.0068
kmit,1.29,30.4905,5.81361,20.0801,55.3146,342.346,72.5087,1.33466,66.5645
kmit,1.3,30.8556,5.83145,20.0798,54.9097,343.825,72.801,1.3362,67.1184
kmit,1.31,31.2191,5.84846,20.0794,54.5096,345.302,73.0805,1.33758,67.6684
kmit,1.32,31.5808,5.86465,20.0791,54.1145,346.778,73.3473,1.33879,68.2143
kmit,1.33,31.9406,5.88002,20.0787,53.7245,348.252,73.6015,1.33985,68.7558
kmit,1.34,32.2984,5.89458,20.0784,53.3398,349.724,73.8429,1.34075,69.2928
kmit,1.35,32.654,5.90834,20.078,52.9605,351.195,74.0716,1.34149,69.8253
kmit,1.36,33.0074,5.92132,20.0777,52.5865,352.664,74.2878,1.34208,70.353
kmit,1.37,33.3585,5.93351,20.0773,52.2179,354.132,74.4914,1.34252,70.8758
kmit,1.38,33.7071,5.94493,20.077,51.8549,355.598,74.6827,1.3428,71.3937
kmit,1.39,34.0532,5.9556,20.0767,51.4973,357.062,74.8616,1.34295,71.9064
kmit,1.4,34.3966,5.96552,20.0765,51.1454,358.524,75.0284,1.34294,72.414
kmit,1.41,34.7373,5.97472,20.0762,50.7989,359.985,75.1833,1.3428,72.9163
kmit,1.42,35.0752,5.9832,20.076,50.458,361.444,75.3264,1.34251,73.4133
kmit,1.43,35.4101,5.99097,20.0757,50.1226,362.901,75.4578,1.34209,73.9049
kmit,1.44,35.7421,5.99806,20.0755,49.7927,364.357,75.5778,1.34153,74.391
kmit,1.45,36.071,6.00448,20.0753,49.4683,365.811,75.6866,1.34084,74.8716
kmit,1.46,36.3967,6.01025,20.0752,49.1492,367.264,75.7843,1.34001,75.3466
kmit,1.47,36.7192,6.01536,20.075,48.8356,368.714,75.8713,1.33906,75.8159
kmit,1.48,37.0383,6.01986,20.0749,48.5273,370.164,75.9476,1.33799,76.2797
kmit,1.49,37.3541,6.02374,20.0748,48.2242,371.612,76.0136,1.33679,76.7377
kmit,1.5,37.6664,6.02702,20.0747,47.9263,373.058,76.0695,1.33548,77.19
kmit,1.51,37.9752,6.02972,20.0746,47.6336,374.503,76.1155,1.33404,77.6366
kmit,1.52,38.2804,6.03185,20.0746,47.3459,375.947,76.1519,1.33249,78.0774
kmit,1.53,38.5819,6.03343,20.0745,47.0632,377.389,76.1788,1.33083,78.5125
kmit,1.54,38.8796,6.03447,20.0745,46.7854,378.83,76.1965,1.32906,78.9418
kmit,1.55,39.1736,6.03498,20.0745,46.5124,380.269,76.2053,1.32719,79.3653
kmit,1.56,39.4636,6.03498,20.0745,46.2441,381.708,76.2054,1.3252,79.7831
kmit,1.57,39.7498,6.03449,20.0745,45.9804,383.145,76.197,1.32312,80.1951
kmit,1.58,40.0319,6.03352,20.0745,45.7213,384.58,76.1803,1.32094,80.6014
kmit,1.59,40.3099,6.03207,20.0745,45.4667,386.015,76.1557,1.31867,81.0019
kmit,1.6,40.5839,6.03017,20.0746,45.2165,387.448,76.1233,1.3163,81.3967
kmit,1.61,40.8536,6.02783,20.0747,44.9705,388.88,76.0833,1.31384,81.7858
kmit,1.62,41.1192,6.02505,20.0748,44.7287,390.311,76.036,1.31129,82.1693
kmit,1.63,41.3804,6.02186,20.0748,44.491,391.74,75.9817,1.30865,82.5471
kmit,1.64,41.6373,6.01826,20.0749,44.2573,393.168,75.9204,1.30594,82.9192
kmit,1.65,41.8899,6.01426,20.0751,44.0276,394.595,75.8526,1.30314,83.2858
kmit,1.66,42.138,6.00989,20.0752,43.8017,396.021,75.7782,1.30027,83.6469
kmit,1.67,42.3817,6.00514,20.0753,43.5795,397.446,75.6977,1.29732,84.0024
kmit,1.68,42.6209,6.00003,20.0755,43.361,398.869,75.6112,1.29429,84.3525
kmit,1.69,42.8555,5.99458,20.0756,43.146,400.291,75.5188,1.2912,84.6972
kmit,1.7,43.0857,5.98879,20.0758,42.9345,401.711,75.4208,1.28804,85.0365
kmit,1.71,43.3112,5.98267,20.076,42.7264,403.131,75.3175,1.28482,85.3705
kmit,1.72,43.5321,5.97623,20.0762,42.5216,404.549,75.2089,1.28153,85.6992
kmit,1.73,43.7484,5.96949,20.0763,42.32,405.965,75.0952,1.27818,86.0227
kmit,1.74,43.9601,5.96245,20.0765,42.1215,407.38,74.9768,1.27478,86.341
kmit,1.75,44.1671,5.95512,20.0767,41.9261,408.794,74.8537,1.27132,86.6543
kmit,1.76,44.3695,5.94752,20.077,41.7337,410.206,74.7261,1.26781,86.9624
kmit,1.77,44.5672,5.93965,20.0772,41.5442,411.616,74.5941,1.26424,87.2656
kmit,1.78,44.7603,5.93151,20.0774,41.3575,413.025,74.4581,1.26063,87.5639
kmit,1.79,44.9487,5.92313,20.0776,41.1736,414.432,74.3181,1.25698,87.8573
kmit,1.8,45.1325,5.91451,20.0778,40.9923,415.837,74.1742,1.25328,88.1459
kmit,1.81,45.3116,5.90565,20.0781,40.8136,417.24,74.0267,1.24954,88.4298
kmit,1.82,45.4862,5.89656,20.0783,40.6375,418.642,73.8758,1.24576,88.7091
kmit,1.83,45.6562,5.88726,20.0785,40.4638,420.041,73.7214,1.24194,88.9837
kmit,1.84,45.8216,5.87775,20.0788,40.2926,421.439,73.5639,1.23809,89.2538
kmit,1.85,45.9825,5.86803,20.079,40.1237,422.834,73.4033,1.23421,89.5195
kmit,1.86,46.1389,5.85812,20.0792,39.957,424.227,73.2398,1.2303,89.7808
kmit,1.87,46.2908,5.84803,20.0794,39.7925,425.617,73.0735,1.22636,90.0377
kmit,1.88,46.4384,5.83775,20.0796,39.6302,427.006,72.9045,1.22239,90.2905
kmit,1.89,46.5816,5.8273,20.0798,39.47,428.392,72.733,1.21841,90.539
kmit,1.9,46.7205,5.81669,20.08,39.3119,429.775,72.5592,1.2144,90.7835
kmit,1.91,46.8551,5.80591,20.0802,39.1557,431.155,72.383,1.21037,91.0239
kmit,1.92,46.9856,5.79498,20.0804,39.0014,432.533,72.2047,1.20632,91.2605
kmit,1.93,47.1119,5.78391,20.0805,38.849,433.908,72.0243,1.20226,91.4931
kmit,1.94,47.2341,5.77269,20.0807,38.6984,435.28,71.842,1.19818,91.7219
kmit,1.95,47.3524,5.76134,20.0808,38.5496,436.648,71.6579,1.19409,91.947
kmit,1.96,47.4667,5.74986,20.0809,38.4025,438.014,71.472,1.18999,92.1685
kmit,1.97,47.5771,5.73825,20.081,38.2571,439.376,71.2845,1.18588,92.3864
kmit,1.98,47.6838,5.72653,20.0811,38.1133,440.735,71.0955,1.18177,92.6007
kmit,1.99,47.7868,5.7147,20.0811,37.9711,442.09,70.9051,1.17765,92.8117
kmit,2.,47.8861,5.70276,20.0811,37.8305,443.442,70.7133,1.17353,93.0193
kcyt,0.5,5.81584,1.07338,8.74183,31.0899,215.916,10.9163,0.77014,23.6248
kcyt,0.51,5.98315,1.1156,9.02374,31.9767,217.636,11.3684,0.779387,24.0125
kcyt,0.52,6.15293,1.15868,9.30676,32.8631,219.337,11.8315,0.788598,24.4017
kcyt,0.53,6.32527,1.20263,9.59074,33.7487,221.019,12.3058,0.797776,24.7928
kcyt,0.54,6.50025,1.24747,9.87557,34.6333,222.685,12.7916,0.806924,25.1857
kcyt,0.55,6.67797,1.29324,10.1611,35.5167,224.335,13.2894,0.816044,25.5809
kcyt,0.56,6.85852,1.33994,10.4472,36.3986,225.97,13.7994,0.82514,25.9785
kcyt,0.57,7.04199,1.38761,10.7338,37.2786,227.593,14.3221,0.834213,26.3787
kcyt,0.58,7.22849,1.43626,11.0206,38.1567,229.205,14.8579,0.843267,26.7817
kcyt,0.59,7.41813,1.48593,11.3076,39.0324,230.806,15.4072,0.852305,27.1879
kcyt,0.6,7.61102,1.53665,11.5945,39.9055,232.398,15.9705,0.861328,27.5973
kcyt,0.61,7.80728,1.58844,11.8813,40.7757,233.981,16.5482,0.870339,28.0102
kcyt,0.62,8.00703,1.64135,12.1678,41.6429,235.558,17.1409,0.879341,28.4269
kcyt,0.63,8.2104,1.6954,12.4538,42.5066,237.129,17.7491,0.888337,28.8476
kcyt,0.64,8.41753,1.75062,12.7391,43.3667,238.695,18.3735,0.897327,29.2726
kcyt,0.65,8.62856,1.80707,13.0235,44.2227,240.257,19.0145,0.906315,29.7021
kcyt,0.66,8.84365,1.86478,13.3068,45.0745,241.816,19.6729,0.915303,30.1364
kcyt,0.67,9.06294,1.92378,13.5889,45.9217,243.374,20.3493,0.924294,30.5758
kcyt,0.68,9.2866,1.98414,13.8695,46.7639,244.931,21.0445,0.933288,31.0205
kcyt,0.69,9.51481,2.0459,14.1483,47.6009,246.488,21.7591,0.942288,31.4709
kcyt,0.7,9.74774,2.1091,14.4252,48.4323,248.047,22.4941,0.951297,31.9272
kcyt,0.71,9.9856,2.1738,14.7,49.2577,249.607,23.2503,0.960316,32.3898
kcyt,0.72,10.2286,2.24005,14.9722,50.0768,251.172,24.0286,0.969346,32.859
kcyt,0.73,10.4768,2.30793,15.2417,50.8892,252.741,24.8299,0.97839,33.3351
kcyt,0.74,10.7307,2.37748,15.5081,51.6944,254.315,25.6552,0.987449,33.8184
kcyt,0.75,10.9903,2.44877,15.7711,52.492,255.895,26.5057,0.996524,34.3094
kcyt,0.76,11.2559,2.52188,16.0305,53.2815,257.484,27.3825,1.00562,34.8085
kcyt,0.77,11.5277,2.59688,16.2858,54.0625,259.081,28.2867,1.01473,35.3159
kcyt,0.78,11.8061,2.67383,16.5367,54.8345,260.687,29.2196,1.02386,35.8321
kcyt,0.79,12.0912,2.75283,16.7827,55.5968,262.305,30.1825,1.03301,36.3576
kcyt,0.8,12.3834,2.83395,17.0236,56.349,263.934,31.1769,1.04218,36.8926
kcyt,0.81,12.683,2.91727,17.2587,57.0904,265.576,32.2043,1.05137,37.4377
kcyt,0.82,12.9901,3.00288,17.4878,57.8203,267.233,33.2661,1.06058,37.9933
kcyt,0.83,13.3051,3.09087,17.7102,58.538,268.904,34.3639,1.06981,38.5598
kcyt,0.84,13.6284,3.18134,17.9256,59.2429,270.592,35.4994,1.07905,39.1376
kcyt,0.85,13.9601,3.27436,18.1333,59.9341,272.297,36.6744,1.0883,39.7271
kcyt,0.86,14.3005,3.37003,18.3328,60.6108,274.02,37.8907,1.09756,40.3287
kcyt,0.87,14.65,3.46843,18.5236,61.2721,275.762,39.1498,1.10683,40.9427
kcyt,0.88,15.0087,3.56963,18.7052,61.9171,277.523,40.4538,1.1161,41.5695
kcyt,0.89,15.3768,3.67371,18.8769,62.5449,279.305,41.8043,1.12535,42.2092
kcyt,0.9,15.7544,3.78071,19.0383,63.1542,281.106,43.2029,1.13459,42.862
kcyt,0.91,16.1416,3.89067,19.1887,63.7442,282.929,44.6513,1.1438,43.5279
kcyt,0.92,16.5384,4.0036,19.3277,64.3137,284.771,46.1507,1.15296,44.2067
kcyt,0.93,16.9446,4.11947,19.4549,64.8615,286.633,47.7023,1.16207,44.8982
kcyt,0.94,17.36,4.23821,19.5699,65.3864,288.513,49.3067,1.17109,45.6016
kcyt,0.95,17.7839,4.35972,19.6724,65.8875,290.409,50.9641,1.18002,46.3161
kcyt,0.96,18.2158,4.48382,19.7623,66.3636,292.317,52.674,1.18882,47.0406
kcyt,0.97,18.6546,4.61025,19.8397,66.8136,294.236,54.4351,1.19748,47.7734
kcyt,0.98,19.0993,4.7387,19.9048,67.2368,296.16,56.2453,1.20595,48.5125
kcyt,0.99,19.5483,4.86877,19.9581,67.6324,298.083,58.1016,1.2142,49.2556
kcyt,1.,19.9999,4.99997,20.0001,67.9999,300.0,59.9995,1.22222,49.9998
kcyt,1.01,20.4521,5.13175,20.0319,68.3393,301.903,61.9339,1.22995,50.742
kcyt,1.02,20.9028,5.26348,20.0545,68.6506,303.785,63.8985,1.23738,51.4787
kcyt,1.03,21.3497,5.39451,20.0693,68.9344,305.638,65.8861,1.24447,52.2064
kcyt,1.04,21.7906,5.52418,20.0775,69.1914,307.454,67.8891,1.2512,52.9217
kcyt,1.05,22.2233,5.65183,20.0809,69.423,309.226,69.8997,1.25756,53.6211
kcyt,1.06,22.6458,5.77689,20.0806,69.6306,310.947,71.9102,1.26353,54.3017
kcyt,1.07,23.0564,5.89883,20.0782,69.8158,312.613,73.9134,1.26911,54.9611
kcyt,1.08,23.4538,6.01722,20.075,69.9806,314.218,75.9028,1.27431,55.5973
kcyt,1.09,23.837,6.13176,20.0719,70.1267,315.762,77.8732,1.27914,56.2091
kcyt,1.1,24.2054,6.24222,20.0699,70.2562,317.241,79.8201,1.28361,56.7956
kcyt,1.11,24.5588,6.3485,20.0697,70.3708,318.657,81.7402,1.28773,57.3566
kcyt,1.12,24.8972,6.45056,20.0718,70.4723,320.01,83.6315,1.29154,57.8924
kcyt,1.13,25.2207,6.54844,20.0766,70.5622,321.301,85.4924,1.29505,58.4035
kcyt,1.14,25.5298,6.64225,20.0844,70.642,322.534,87.3226,1.29828,58.8908
kcyt,1.15,25.8251,6.73211,20.0954,70.713,323.71,89.1219,1.30126,59.3553
kcyt,1.16,26.1072,6.81819,20.1095,70.7763,324.833,90.8912,1.30402,59.7981
kcyt,1.17,26.3768,6.90068,20.1268,70.8328,325.906,92.6312,1.30655,60.2204
kcyt,1.18,26.6346,6.97976,20.1472,70.8835,326.931,94.3431,1.3089,60.6235
kcyt,1.19,26.8813,7.05563,20.1707,70.929,327.912,96.0284,1.31107,61.0085
kcyt,1.2,27.1176,7.12848,20.1971,70.9701,328.852,97.6886,1.31309,61.3767
kcyt,1.21,27.3442,7.1985,20.2264,71.0073,329.753,99.3251,1.31495,61.7291
kcyt,1.22,27.5616,7.26586,20.2584,71.041,330.619,100.94,1.31669,62.0668
kcyt,1.23,27.7706,7.33075,20.2931,71.0718,331.45,102.533,1.31831,62.3908
kcyt,1.24,27.9716,7.3933,20.3302,71.0998,332.251,104.108,1.31981,62.7021
kcyt,1.25,28.1652,7.45369,20.3698,71.1255,333.022,105.666,1.32122,63.0015
kcyt,1.26,28.3519,7.51204,20.4116,71.1492,333.767,107.207,1.32253,63.2897
kcyt,1.27,28.5321,7.56849,20.4555,71.171,334.486,108.734,1.32376,63.5676
kcyt,1.28,28.7062,7.62315,20.5016,71.1911,335.181,110.247,1.32491,63.8359
kcyt,1.29,28.8748,7.67614,20.5497,71.2098,335.855,111.748,1.32599,64.0951
kcyt,1.3,29.0379,7.72757,20.5996,71.2271,336.507,113.238,1.327,64.3458
kcyt,1.31,29.1962,7.77752,20.6514,71.2433,337.141,114.718,1.32796,64.5886
kcyt,1.32,29.3497,7.8261,20.705,71.2585,337.756,116.189,1.32886,64.824
kcyt,1.33,29.4989,7.87338,20.7603,71.2727,338.354,117.652,1.3297,65.0524
kcyt,1.34,29.644,7.91943,20.8172,71.286,338.936,119.108,1.3305,65.2743
kcyt,1.35,29.7851,7.96433,20.8757,71.2986,339.503,120.559,1.33125,65.49
kcyt,1.36,29.9226,8.00815,20.9358,71.3104,340.056,122.004,1.33196,65.6999
kcyt,1.37,30.0567,8.05095,20.9973,71.3216,340.596,123.445,1.33263,65.9043
kcyt,1.38,30.1875,8.09277,21.0604,71.3323,341.123,124.882,1.33327,66.1036
kcyt,1.39,30.3152,8.13369,21.1248,71.3424,341.638,126.317,1.33387,66.298
kcyt,1.4,30.4401,8.17374,21.1907,71.352,342.143,127.749,1.33444,66.4878
kcyt,1.41,30.5621,8.21297,21.2579,71.3613,342.636,129.18,1.33498,66.6733
kcyt,1.42,30.6816,8.25142,21.3265,71.3701,343.12,130.61,1.33549,66.8546
kcyt,1.43,30.7986,8.28914,21.3963,71.3785,343.594,132.04,1.33597,67.032
kcyt,1.44,30.9132,8.32616,21.4675,71.3866,344.058,133.471,1.33643,67.2057
kcyt,1.45,31.0256,8.36251,21.54,71.3944,344.515,134.903,1.33686,67.3758
kcyt,1.46,31.1359,8.39823,21.6138,71.4019,344.963,136.336,1.33727,67.5426
kcyt,1.47,31.2441,8.43336,21.6888,71.4092,345.404,137.771,1.33767,67.7062
kcyt,1.48,31.3504,8.46791,21.7651,71.4162,345.837,139.209,1.33803,67.8668
kcyt,1.49,31.4549,8.50192,21.8426,71.423,346.263,140.65,1.33839,68.0245
kcyt,1.5,31.5576,8.5354,21.9213,71.4296,346.683,142.095,1.33872,68.1794
kcyt,1.51,31.6587,8.5684,22.0013,71.4361,347.096,143.544,1.33903,68.3317
kcyt,1.52,31.7582,8.60092,22.0825,71.4423,347.503,144.997,1.33933,68.4814
kcyt,1.53,31.8561,8.63299,22.1649,71.4484,347.905,146.455,1.33961,68.6288
kcyt,1.54,31.9526,8.66462,22.2486,71.4544,348.301,147.919,1.33988,68.7738
kcyt,1.55,32.0477,8.69585,22.3334,71.4602,348.692,149.389,1.34013,68.9167
kcyt,1.56,32.1414,8.72668,22.4195,71.4659,349.077,150.865,1.34037,69.0574
kcyt,1.57,32.2339,8.75714,22.5069,71.4715,349.458,152.348,1.34059,69.1961
kcyt,1.58,32.3251,8.78723,22.5954,71.477,349.835,153.838,1.34081,69.3329
kcyt,1.59,32.4152,8.81698,22.6852,71.4824,350.206,155.335,1.34101,69.4679
kcyt,1.6,32.5041,8.8464,22.7762,71.4877,350.574,156.84,1.34119,69.601
kcyt,1.61,32.5919,8.87549,22.8685,71.4929,350.938,158.354,1.34137,69.7324
kcyt,1.62,32.6787,8.90429,22.962,71.4981,351.298,159.876,1.34153,69.8622
kcyt,1.63,32.7645,8.93279,23.0568,71.5032,351.654,161.407,1.34169,69.9905
kcyt,1.64,32.8494,8.96101,23.1528,71.5082,352.006,162.947,1.34183,70.1171
kcyt,1.65,32.9333,8.98896,23.2501,71.5132,352.355,164.498,1.34197,70.2424
kcyt,1.66,33.0163,9.01666,23.3487,71.5181,352.701,166.058,1.34209,70.3662
kcyt,1.67,33.0984,9.0441,23.4486,71.523,353.044,167.629,1.34221,70.4886
kcyt,1.68,33.1798,9.07131,23.5498,71.5279,353.384,169.21,1.34231,70.6098
kcyt,1.69,33.2603,9.09829,23.6523,71.5327,353.72,170.803,1.34241,70.7297
kcyt,1.7,33.34,9.12504,23.7561,71.5374,354.054,172.407,1.3425,70.8483
kcyt,1.71,33.419,9.15158,23.8613,71.5422,354.386,174.024,1.34258,70.9658
kcyt,1.72,33.4973,9.17792,23.9678,71.5469,354.715,175.652,1.34265,71.0822
kcyt,1.73,33.5749,9.20406,24.0756,71.5516,355.041,177.293,1.34271,71.1975
kcyt,1.74,33.6519,9.23001,24.1849,71.5563,355.365,178.946,1.34277,71.3117
kcyt,1.75,33.7281,9.25578,24.2955,71.561,355.686,180.613,1.34282,71.4248
kcyt,1.76,33.8038,9.28137,24.4075,71.5657,356.006,182.293,1.34286,71.537
kcyt,1.77,33.8788,9.3068,24.521,71.5704,356.323,183.987,1.34289,71.6483
kcyt,1.78,33.9533,9.33206,24.6359,71.575,356.638,185.695,1.34292,71.7586
kcyt,1.79,34.0272,9.35716,24.7522,71.5797,356.951,187.418,1.34294,71.868
kcyt,1.8,34.1005,9.3821,24.87,71.5843,357.263,189.156,1.34295,71.9765
kcyt,1.81,34.1733,9.40691,24.9892,71.589,357.572,190.908,1.34296,72.0842
kcyt,1.82,34.2456,9.43156,25.1099,71.5936,357.88,192.676,1.34296,72.191
kcyt,1.83,34.3174,9.45608,25.2322,71.5983,358.186,194.46,1.34296,72.2971
kcyt,1.84,34.3887,9.48047,25.3559,71.603,358.49,196.259,1.34294,72.4024
kcyt,1.85,34.4595,9.50473,25.4812,71.6077,358.793,198.075,1.34293,72.5069
kcyt,1.86,34.5299,9.52887,25.608,71.6124,359.094,199.908,1.3429,72.6107
kcyt,1.87,34.5998,9.55288,25.7364,71.6171,359.394,201.758,1.34287,72.7138
kcyt,1.88,34.6693,9.57678,25.8664,71.6218,359.692,203.624,1.34284,72.8162
kcyt,1.89,34.7384,9.60056,25.998,71.6265,359.989,205.509,1.3428,72.9179
kcyt,1.9,34.807,9.62424,26.1311,71.6313,360.285,207.411,1.34275,73.0189
kcyt,1.91,34.8752,9.64781,26.2659,71.6361,360.579,209.331,1.3427,73.1194
kcyt,1.92,34.9431,9.67128,26.4024,71.6409,360.872,211.27,1.34264,73.2192
kcyt,1.93,35.0105,9.69464,26.5405,71.6457,361.164,213.227,1.34258,73.3183
kcyt,1.94,35.0776,9.71791,26.6802,71.6505,361.454,215.203,1.34251,73.4169
kcyt,1.95,35.1443,9.74108,26.8217,71.6554,361.744,217.199,1.34243,73.5149
kcyt,1.96,35.2107,9.76417,26.9649,71.6603,362.032,219.214,1.34236,73.6123
kcyt,1.97,35.2767,9.78716,27.1097,71.6652,362.319,221.249,1.34227,73.7092
kcyt,1.98,35.3423,9.81006,27.2563,71.6702,362.605,223.304,1.34218,73.8055
kcyt,1.99,35.4077,9.83288,27.4047,71.6751,362.891,225.379,1.34209,73.9013
kcyt,2.,35.4727,9.85562,27.5548,71.6801,363.175,227.474,1.34199,73.9966
kO2,0.5,2.65461,3.10745,17.7507,83.0645,275.765,34.5715,0.359923,23.0784
kO2,0.51,2.75643,3.12087,17.7831,82.9554,275.973,34.7396,0.369977,23.3104
kO2,0.52,2.86161,3.13465,17.8161,82.8436,276.186,34.9125,0.380193,23.5475
kO2,0.53,2.9703,3.14882,17.8497,82.7288,276.404,35.0904,0.390575,23.79
kO2,0.54,3.08265,3.16338,17.8839,82.6109,276.628,35.2735,0.401128,24.038
kO2,0.55,3.19882,3.17836,17.9187,82.4898,276.857,35.4619,0.411856,24.2917
kO2,0.56,3.31899,3.19377,17.9541,82.3653,277.092,35.656,0.422765,24.5514
kO2,0.57,3.44335,3.20963,17.9902,82.2374,277.333,35.856,0.43386,24.8172
kO2,0.58,3.57207,3.22597,18.0269,82.1059,277.581,36.0622,0.445146,25.0895
kO2,0.59,3.70538,3.2428,18.0643,81.9705,277.835,36.2749,0.456629,25.3684
kO2,0.6,3.84349,3.26014,18.1024,81.8312,278.096,36.4944,0.468313,25.6543
kO2,0.61,3.98663,3.27803,18.1412,81.6877,278.364,36.721,0.480207,25.9475
kO2,0.62,4.13505,3.29649,18.1807,81.5399,278.639,36.9551,0.492315,26.2481
kO2,0.63,4.28901,3.31554,18.2209,81.3876,278.923,37.197,0.504644,26.5566
kO2,0.64,4.44879,3.33522,18.2618,81.2304,279.214,37.4472,0.517202,26.8733
kO2,0.65,4.6147,3.35555,18.3035,81.0683,279.514,37.7061,0.529995,27.1985
kO2,0.66,4.78706,3.37658,18.346,80.9009,279.823,37.9741,0.543031,27.5327
kO2,0.67,4.9662,3.39832,18.3892,80.728,280.141,38.2519,0.556319,27.8763
kO2,0.68,5.1525,3.42083,18.4331,80.5493,280.468,38.5397,0.569866,28.2296
kO2,0.69,5.34635,3.44415,18.4779,80.3645,280.806,38.8384,0.583681,28.5931
kO2,0.7,5.54817,3.46831,18.5234,80.1733,281.154,39.1484,0.597774,28.9674
kO2,0.71,5.75842,3.49337,18.5698,79.9752,281.514,39.4704,0.612153,29.353
kO2,0.72,5.97758,3.51938,18.6169,79.77,281.885,39.8052,0.626831,29.7504
kO2,0.73,6.20619,3.54638,18.6648,79.5572,282.268,40.1534,0.641816,30.1602
kO2,0.74,6.44481,3.57444,18.7135,79.3364,282.664,40.516,0.657121,30.5831
kO2,0.75,6.69405,3.60363,18.7629,79.1071,283.074,40.8938,0.672757,31.0198
kO2,0.76,6.95459,3.63399,18.8132,78.8688,283.498,41.2878,0.688737,31.4711
kO2,0.77,7.22714,3.66562,18.8641,78.6209,283.936,41.699,0.705074,31.9376
kO2,0.78,7.51249,3.69859,18.9158,78.3629,284.39,42.1285,0.721782,32.4204
kO2,0.79,7.81148,3.73297,18.9682,78.0941,284.861,42.5776,0.738876,32.9202
kO2,0.8,8.12504,3.76886,19.0212,77.8138,285.349,43.0476,0.756371,33.4382
kO2,0.81,8.45418,3.80636,19.0747,77.5212,285.855,43.5398,0.774284,33.9754
kO2,0.82,8.79999,3.84558,19.1289,77.2155,286.381,44.056,0.792633,34.533
kO2,0.83,9.16368,3.88661,19.1834,76.8958,286.926,44.5976,0.811436,35.1122
kO2,0.84,9.54655,3.92959,19.2384,76.5612,287.493,45.1667,0.830711,35.7143
kO2,0.85,9.95006,3.97464,19.2935,76.2105,288.082,45.7651,0.85048,36.3409
kO2,0.86,10.3758,4.02189,19.3488,75.8426,288.693,46.3949,0.870763,36.9935
kO2,0.87,10.8254,4.0715,19.4041,75.4562,289.33,47.0585,0.891584,37.6738
kO2,0.88,11.3009,4.12362,19.4592,75.0501,289.991,47.7582,0.912965,38.3837
kO2,0.89,11.8043,4.17841,19.5139,74.6226,290.679,48.4969,0.934931,39.125
kO2,0.9,12.3378,4.23603,19.5679,74.1723,291.394,49.2771,0.957507,39.8998
kO2,0.91,12.904,4.29666,19.621,73.6974,292.137,50.1018,0.980719,40.7104
kO2,0.92,13.5057,4.36046,19.673,73.1961,292.908,50.9742,1.00459,41.559
kO2,0.93,14.1457,4.4276,19.7234,72.6665,293.708,51.8972,1.02915,42.4481
kO2,0.94,14.8273,4.49824,19.7719,72.1065,294.537,52.8739,1.05443,43.38
kO2,0.95,15.5539,4.57252,19.8181,71.5142,295.393,53.9074,1.08044,44.3573
kO2,0.96,16.3293,4.65053,19.8616,70.8875,296.276,55.0003,1.10722,45.3824
kO2,0.97,17.1575,4.73233,19.9019,70.2243,297.182,56.155,1.13477,46.4574
kO2,0.98,18.0424,4.81791,19.9387,69.523,298.109,57.3729,1.16311,47.5844
kO2,0.99,18.9885,4.90719,19.9715,68.7819,299.05,58.6546,1.19226,48.7648
kO2,1.,19.9999,4.99997,20.0001,67.9999,300.0,59.9995,1.22222,49.9998
kO2,1.01,21.0809,5.09593,20.0242,67.1767,300.95,61.4053,1.25297,51.2895
kO2,1.02,22.2356,5.19462,20.0437,66.3123,301.89,62.8676,1.28451,52.6332
kO2,1.03,23.468,5.29544,20.0588,65.4083,302.808,64.3801,1.3168,54.0292
kO2,1.04,24.7814,5.39765,20.0695,64.4667,303.69,65.9342,1.34982,55.4746
kO2,1.05,26.1792,5.5004,20.0764,63.4912,304.523,67.5191,1.38352,56.9658
kO2,1.06,27.6644,5.60278,20.0801,62.4861,305.292,69.1223,1.41786,58.4978
kO2,1.07,29.2396,5.70382,20.0811,61.4571,305.982,70.7303,1.45279,60.0654
kO2,1.08,30.9076,5.80259,20.0803,60.4102,306.583,72.3288,1.48825,61.6626
kO2,1.09,32.6714,5.89825,20.0783,59.3522,307.082,73.9038,1.52421,63.2836
kO2,1.1,34.5341,5.99003,20.0758,58.2898,307.471,75.4419,1.5606,64.9225
kO2,1.11,36.4994,6.07733,20.0733,57.2296,307.743,76.931,1.5974,66.5739
kO2,1.12,38.5716,6.15965,20.0713,56.1778,307.896,78.3603,1.63456,68.2328
kO2,1.13,40.7555,6.23666,20.0699,55.1402,307.927,79.7209,1.67205,69.8943
kO2,1.14,43.0566,6.30813,20.0695,54.1219,307.836,81.0051,1.70984,71.5543
kO2,1.15,45.4807,6.37393,20.07,53.1272,307.626,82.2069,1.7479,73.2087
kO2,1.16,48.0344,6.43401,20.0713,52.1598,307.298,83.3215,1.78618,74.8538
kO2,1.17,50.724,6.48841,20.0733,51.2227,306.856,84.3454,1.82466,76.4858
kO2,1.18,53.5563,6.53719,20.0759,50.3182,306.305,85.276,1.8633,78.1014
kO2,1.19,56.5379,6.58045,20.0789,49.4479,305.651,86.1116,1.90205,79.6969
kO2,1.2,59.6749,6.61834,20.0821,48.6129,304.897,86.8516,1.94088,81.2689
kO2,1.21,62.9729,6.651,20.0853,47.8139,304.051,87.4958,1.97974,82.8142
kO2,1.22,66.4369,6.6786,20.0884,47.0507,303.117,88.0449,2.01859,84.3295
kO2,1.23,70.0708,6.70132,20.0912,46.3231,302.103,88.5001,2.05738,85.8117
kO2,1.24,73.8771,6.71933,20.0936,45.6302,301.013,88.8632,2.09606,87.2581
kO2,1.25,77.8576,6.73283,20.0955,44.9709,299.856,89.1366,2.13459,88.6661
kO2,1.26,82.0122,6.742,20.0968,44.3439,298.637,89.3229,2.17293,90.0337
kO2,1.27,86.3397,6.74703,20.0975,43.7475,297.363,89.4254,2.21104,91.3589
kO2,1.28,90.8374,6.74812,20.0977,43.1799,296.039,89.4476,2.24888,92.6404
kO2,1.29,95.5013,6.74544,20.0973,42.6393,294.672,89.393,2.28643,93.8772
kO2,1.3,100.326,6.73918,20.0964,42.1238,293.268,89.2656,2.32365,95.0688
kO2,1.31,105.306,6.72951,20.095,41.6313,291.833,89.0693,2.36052,96.215
kO2,1.32,110.433,6.7166,20.0932,41.16,290.371,88.8081,2.39703,97.3159
kO2,1.33,115.7,6.70062,20.0911,40.7079,288.887,88.4861,2.43315,98.3721
kO2,1.34,121.097,6.68171,20.0888,40.2733,287.387,88.107,2.46889,99.3844
kO2,1.35,126.616,6.66003,20.0863,39.8544,285.874,87.6749,2.50422,100.354
kO2,1.36,132.248,6.6357,20.0838,39.4495,284.351,87.1933,2.53916,101.281
kO2,1.37,137.983,6.60887,20.0813,39.0572,282.823,86.6658,2.57369,102.168
kO2,1.38,143.811,6.57964,20.0789,38.676,281.292,86.0959,2.60782,103.015
kO2,1.39,149.722,6.54815,20.0766,38.3047,279.761,85.4867,2.64155,103.825
kO2,1.4,155.708,6.51449,20.0746,37.942,278.232,84.8414,2.6749,104.598
kO2,1.41,161.757,6.47877,20.0729,37.5869,276.708,84.1629,2.70785,105.337
kO2,1.42,167.863,6.44109,20.0715,37.2383,275.189,83.4539,2.74042,106.042
kO2,1.43,174.014,6.40155,20.0704,36.8955,273.678,82.7172,2.77263,106.715
kO2,1.44,180.203,6.36022,20.0698,36.5576,272.175,81.9551,2.80447,107.358
kO2,1.45,186.421,6.31722,20.0695,36.2238,270.683,81.17,2.83596,107.971
kO2,1.46,192.66,6.27261,20.0696,35.8937,269.201,80.3641,2.8671,108.557
kO2,1.47,198.913,6.22648,20.0701,35.5666,267.731,79.5397,2.89792,109.116
kO2,1.48,205.172,6.17892,20.0709,35.2421,266.274,78.6986,2.9284,109.65
kO2,1.49,211.431,6.13001,20.0719,34.9197,264.829,77.8428,2.95858,110.16
kO2,1.5,217.682,6.07983,20.0732,34.5991,263.397,76.9741,2.98845,110.647
kO2,1.51,223.919,6.02847,20.0747,34.28,261.978,76.0942,3.01803,111.112
kO2,1.52,230.138,5.976,20.0762,33.9622,260.573,75.2049,3.04733,111.556
kO2,1.53,236.332,5.9225,20.0776,33.6454,259.182,74.3075,3.07635,111.98
kO2,1.54,242.497,5.86806,20.079,33.3295,257.805,73.4037,3.1051,112.385
kO2,1.55,248.629,5.81275,20.0801,33.0144,256.442,72.4948,3.13361,112.773
kO2,1.56,254.723,5.75667,20.0808,32.7,255.093,71.5822,3.16187,113.143
kO2,1.57,260.777,5.69987,20.0811,32.3862,253.757,70.667,3.18989,113.496
kO2,1.58,266.786,5.64246,20.0807,32.073,252.436,69.7507,3.21768,113.834
kO2,1.59,272.748,5.58449,20.0796,31.7604,251.129,68.8341,3.24526,114.157
kO2,1.6,278.66,5.52605,20.0776,31.4485,249.835,67.9184,3.27263,114.466
kO2,1.61,284.521,5.46722,20.0746,31.1372,248.555,67.0047,3.2998,114.762
kO2,1.62,290.328,5.40806,20.0704,30.8266,247.288,66.0937,3.32677,115.045
kO2,1.63,296.081,5.34864,20.0649,30.5168,246.035,65.1863,3.35356,115.315
kO2,1.64,301.778,5.28903,20.058,30.2079,244.795,64.2834,3.38018,115.574
kO2,1.65,307.417,5.2293,20.0494,29.8999,243.567,63.3857,3.40662,115.822
kO2,1.66,312.999,5.1695,20.0393,29.5929,242.353,62.4938,3.4329,116.059
kO2,1.67,318.522,5.1097,20.0273,29.2871,241.151,61.6083,3.45903,116.286
kO2,1.68,323.987,5.04996,20.0133,28.9824,239.961,60.7299,3.485,116.504
kO2,1.69,329.393,4.99032,19.9974,28.6791,238.784,59.8589,3.51084,116.712
kO2,1.7,334.74,4.93083,19.9793,28.3772,237.619,58.996,3.53654,116.912
kO2,1.71,340.028,4.87155,19.9591,28.0767,236.465,58.1414,3.56211,117.103
kO2,1.72,345.258,4.81251,19.9365,27.7779,235.323,57.2956,3.58755,117.286
kO2,1.73,350.429,4.75375,19.9116,27.4807,234.192,56.4589,3.61288,117.462
kO2,1.74,355.542,4.69532,19.8843,27.1853,233.072,55.6315,3.6381,117.631
kO2,1.75,360.598,4.63724,19.8545,26.8917,231.964,54.8137,3.66321,117.793
kO2,1.76,365.596,4.57956,19.8222,26.6,230.866,54.0057,3.68822,117.948
kO2,1.77,370.538,4.52228,19.7874,26.3104,229.778,53.2077,3.71313,118.097
kO2,1.78,375.424,4.46546,19.7499,26.0227,228.701,52.4198,3.73795,118.239
kO2,1.79,380.254,4.4091,19.7099,25.7372,227.634,51.6423,3.76268,118.376
kO2,1.8,385.03,4.35322,19.6673,25.4539,226.577,50.875,3.78733,118.508
kO2,1.81,389.751,4.29786,19.6221,25.1729,225.53,50.1182,3.8119,118.634
kO2,1.82,394.418,4.24302,19.5742,24.8941,224.492,49.3719,3.8364,118.754
kO2,1.83,399.033,4.18872,19.5238,24.6176,223.464,48.6362,3.86082,118.87
kO2,1.84,403.595,4.13497,19.4708,24.3435,222.444,47.911,3.88518,118.982
kO2,1.85,408.106,4.08178,19.4152,24.0718,221.434,47.1963,3.90948,119.088
kO2,1.86,412.566,4.02918,19.3571,23.8026,220.433,46.4921,3.93371,119.191
kO2,1.87,416.975,3.97715,19.2965,23.5358,219.44,45.7985,3.9579,119.289
kO2,1.88,421.334,3.92571,19.2335,23.2715,218.456,45.1153,3.98202,119.383
kO2,1.89,425.644,3.87487,19.168,23.0098,217.48,44.4425,4.0061,119.473
kO2,1.9,429.906,3.82463,19.1002,22.7505,216.512,43.78,4.03014,119.559
kO2,1.91,434.12,3.77499,19.03,22.4939,215.552,43.1278,4.05413,119.642
kO2,1.92,438.286,3.72595,18.9576,22.2397,214.6,42.4859,4.07808,119.721
kO2,1.93,442.406,3.67753,18.883,21.9882,213.656,41.854,4.102,119.797
kO2,1.94,446.48,3.62971,18.8061,21.7392,212.719,41.2321,4.12588,119.87
kO2,1.95,450.508,3.5825,18.7272,21.4929,211.789,40.6202,4.14973,119.939
kO2,1.96,454.491,3.53589,18.6463,21.2491,210.867,40.0181,4.17355,120.005
kO2,1.97,458.43,3.48989,18.5634,21.0079,209.952,39.4256,4.19735,120.069
kO2,1.98,462.326,3.4445,18.4786,20.7693,209.044,38.8428,4.22112,120.129
kO2,1.99,466.178,3.3997,18.3919,20.5332,208.143,38.2695,4.24487,120.187
kO2,2.,469.987,3.3555,18.3034,20.2998,207.248,37.7055,4.26861,120.242
kmp,0.5,10.7359,5.23664,20.0506,67.0573,306.14,63.4957,1.24637,52.4044
kmp,0.51,10.934,5.23151,20.0498,67.0792,306.005,63.4188,1.24586,52.3516
kmp,0.52,11.1316,5.2264,20.049,67.101,305.872,63.3423,1.24536,52.299
kmp,0.53,11.3286,5.2213,20.0482,67.1227,305.739,63.266,1.24486,52.2466
kmp,0.54,11.525,5.21622,20.0474,67.1443,305.606,63.19,1.24436,52.1944
kmp,0.55,11.7208,5.21116,20.0465,67.1657,305.474,63.1143,1.24386,52.1424
kmp,0.56,11.9161,5.20611,20.0457,67.1869,305.342,63.039,1.24337,52.0907
kmp,0.57,12.1108,5.20108,20.0449,67.208,305.211,62.9639,1.24287,52.0391
kmp,0.58,12.3049,5.19606,20.044,67.229,305.081,62.8891,1.24237,51.9877
kmp,0.59,12.4985,5.19107,20.0431,67.2499,304.95,62.8147,1.24188,51.9366
kmp,0.6,12.6916,5.18609,20.0423,67.2706,304.821,62.7405,1.24138,51.8856
kmp,0.61,12.8841,5.18112,20.0414,67.2912,304.692,62.6666,1.24089,51.8349
kmp,0.62,13.0761,5.17618,20.0405,67.3117,304.563,62.593,1.24039,51.7843
kmp,0.63,13.2675,5.17125,20.0396,67.332,304.435,62.5197,1.2399,51.7339
kmp,0.64,13.4584,5.16633,20.0387,67.3522,304.307,62.4467,1.23941,51.6838
kmp,0.65,13.6487,5.16144,20.0377,67.3723,304.18,62.374,1.23892,51.6338
kmp,0.66,13.8386,5.15656,20.0368,67.3922,304.053,62.3015,1.23843,51.584
kmp,0.67,14.0279,5.15169,20.0359,67.412,303.926,62.2294,1.23794,51.5344
kmp,0.68,14.2166,5.14684,20.0349,67.4317,303.8,62.1575,1.23745,51.485
kmp,0.69,14.4049,5.14201,20.034,67.4513,303.675,62.0859,1.23696,51.4358
kmp,0.7,14.5926,5.1372,20.033,67.4707,303.55,62.0146,1.23647,51.3868
kmp,0.71,14.7799,5.1324,20.032,67.4901,303.425,61.9436,1.23598,51.338
kmp,0.72,14.9666,5.12761,20.031,67.5093,303.301,61.8728,1.2355,51.2893
kmp,0.73,15.1528,5.12285,20.03,67.5283,303.178,61.8024,1.23501,51.2409
kmp,0.74,15.3385,5.11809,20.029,67.5473,303.054,61.7322,1.23453,51.1926
kmp,0.75,15.5237,5.11336,20.028,67.5661,302.932,61.6622,1.23405,51.1445
kmp,0.76,15.7084,5.10864,20.027,67.5848,302.809,61.5926,1.23356,51.0966
kmp,0.77,15.8926,5.10393,20.026,67.6034,302.688,61.5232,1.23308,51.0489
kmp,0.78,16.0763,5.09925,20.025,67.6219,302.566,61.4541,1.2326,51.0014
kmp,0.79,16.2596,5.09457,20.0239,67.6402,302.445,61.3853,1.23212,50.954
kmp,0.8,16.4423,5.08992,20.0229,67.6585,302.324,61.3167,1.23164,50.9069
kmp,0.81,16.6246,5.08528,20.0218,67.6766,302.204,61.2484,1.23116,50.8599
kmp,0.82,16.8064,5.08065,20.0207,67.6946,302.085,61.1804,1.23068,50.8131
kmp,0.83,16.9877,5.07604,20.0197,67.7125,301.965,61.1126,1.23021,50.7664
kmp,0.84,17.1685,5.07144,20.0186,67.7303,301.846,61.0451,1.22973,50.72
kmp,0.85,17.3489,5.06686,20.0175,67.748,301.728,60.9778,1.22925,50.6737
kmp,0.86,17.5288,5.0623,20.0164,67.7655,301.61,60.9108,1.22878,50.6276
kmp,0.87,17.7082,5.05775,20.0153,67.783,301.492,60.8441,1.2283,50.5816
kmp,0.88,17.8872,5.05322,20.0141,67.8003,301.375,60.7776,1.22783,50.5359
kmp,0.89,18.0657,5.0487,20.013,67.8175,301.258,60.7114,1.22736,50.4903
kmp,0.9,18.2438,5.04419,20.0119,67.8346,301.142,60.6454,1.22689,50.4448
kmp,0.91,18.4214,5.03971,20.0107,67.8516,301.026,60.5797,1.22642,50.3996
kmp,0.92,18.5985,5.03523,20.0096,67.8685,300.91,60.5143,1.22595,50.3545
kmp,0.93,18.7753,5.03077,20.0084,67.8853,300.795,60.4491,1.22548,50.3096
kmp,0.94,18.9515,5.02633,20.0073,67.902,300.68,60.3841,1.22501,50.2648
kmp,0.95,19.1273,5.0219,20.0061,67.9186,300.566,60.3194,1.22454,50.2203
kmp,0.96,19.3027,5.01749,20.0049,67.9351,300.452,60.2549,1.22408,50.1758
kmp,0.97,19.4777,5.01309,20.0037,67.9514,300.338,60.1907,1.22361,50.1316
kmp,0.98,19.6522,5.0087,20.0025,67.9677,300.225,60.1268,1.22314,50.0875
kmp,0.99,19.8262,5.00433,20.0013,67.9839,300.112,60.063,1.22268,50.0436
kmp,1.,19.9999,4.99997,20.0001,67.9999,300.0,59.9995,1.22222,49.9998
kmp,1.01,20.1731,4.99563,19.9989,68.0159,299.888,59.9363,1.22175,49.9562
kmp,1.02,20.3459,4.9913,19.9977,68.0317,299.776,59.8733,1.22129,49.9128
kmp,1.03,20.5183,4.98699,19.9964,68.0475,299.665,59.8105,1.22083,49.8695
kmp,1.04,20.6902,4.98269,19.9952,68.0632,299.554,59.748,1.22037,49.8264
kmp,1.05,20.8618,4.97841,19.994,68.0787,299.444,59.6857,1.21991,49.7834
kmp,1.06,21.0329,4.97413,19.9927,68.0942,299.333,59.6236,1.21945,49.7406
kmp,1.07,21.2036,4.96988,19.9914,68.1096,299.224,59.5618,1.219,49.6979
kmp,1.08,21.3739,4.96564,19.9902,68.1248,299.114,59.5002,1.21854,49.6554
kmp,1.09,21.5438,4.96141,19.9889,68.14,299.005,59.4388,1.21808,49.6131
kmp,1.1,21.7133,4.95719,19.9876,68.1551,298.896,59.3777,1.21763,49.5709
kmp,1.11,21.8823,4.95299,19.9863,68.1701,298.788,59.3168,1.21717,49.5288
kmp,1.12,22.051,4.9488,19.985,68.1849,298.68,59.2561,1.21672,49.4869
kmp,1.13,22.2193,4.94463,19.9837,68.1997,298.573,59.1957,1.21627,49.4452
kmp,1.14,22.3872,4.94047,19.9824,68.2144,298.465,59.1354,1.21582,49.4036
kmp,1.15,22.5547,4.93632,19.9811,68.229,298.358,59.0754,1.21536,49.3622
kmp,1.16,22.7218,4.93219,19.9798,68.2436,298.252,59.0157,1.21491,49.3209
kmp,1.17,22.8885,4.92807,19.9784,68.258,298.146,58.9561,1.21446,49.2797
kmp,1.18,23.0548,4.92397,19.9771,68.2723,298.04,58.8968,1.21402,49.2387
kmp,1.19,23.2208,4.91987,19.9758,68.2866,297.934,58.8376,1.21357,49.1979
kmp,1.2,23.3864,4.91579,19.9744,68.3007,297.829,58.7787,1.21312,49.1572
kmp,1.21,23.5515,4.91173,19.9731,68.3148,297.725,58.7201,1.21268,49.1166
kmp,1.22,23.7163,4.90768,19.9717,68.3288,297.62,58.6616,1.21223,49.0762
kmp,1.23,23.8808,4.90364,19.9703,68.3426,297.516,58.6033,1.21179,49.0359
kmp,1.24,24.0448,4.89961,19.9689,68.3564,297.412,58.5453,1.21134,48.9958
kmp,1.25,24.2085,4.8956,19.9676,68.3702,297.309,58.4875,1.2109,48.9558
kmp,1.26,24.3718,4.8916,19.9662,68.3838,297.206,58.4299,1.21046,48.9159
kmp,1.27,24.5348,4.88761,19.9648,68.3973,297.103,58.3724,1.21002,48.8762
kmp,1.28,24.6973,4.88364,19.9634,68.4108,297.001,58.3152,1.20957,48.8366
kmp,1.29,24.8596,4.87967,19.962,68.4242,296.898,58.2583,1.20914,48.7972
kmp,1.3,25.0214,4.87572,19.9606,68.4375,296.797,58.2015,1.2087,48.7579
kmp,1.31,25.1829,4.87179,19.9592,68.4507,296.695,58.1449,1.20826,48.7187
kmp,1.32,25.3441,4.86786,19.9577,68.4638,296.594,58.0885,1.20782,48.6797
kmp,1.33,25.5048,4.86395,19.9563,68.4768,296.493,58.0324,1.20738,48.6408
kmp,1.34,25.6653,4.86005,19.9549,68.4898,296.393,57.9764,1.20695,48.6021
kmp,1.35,25.8253,4.85617,19.9534,68.5027,296.293,57.9206,1.20651,48.5635
kmp,1.36,25.9851,4.85229,19.952,68.5155,296.193,57.8651,1.20608,48.525
kmp,1.37,26.1445,4.84843,19.9505,68.5282,296.093,57.8097,1.20565,48.4866
kmp,1.38,26.3035,4.84458,19.9491,68.5408,295.994,57.7545,1.20521,48.4484
kmp,1.39,26.4622,4.84075,19.9476,68.5534,295.895,57.6996,1.20478,48.4103
kmp,1.4,26.6205,4.83692,19.9461,68.5659,295.797,57.6448,1.20435,48.3723
kmp,1.41,26.7786,4.83311,19.9447,68.5783,295.698,57.5902,1.20392,48.3345
kmp,1.42,26.9362,4.82931,19.9432,68.5906,295.6,57.5358,1.20349,48.2968
kmp,1.43,27.0936,4.82552,19.9417,68.6029,295.503,57.4816,1.20306,48.2592
kmp,1.44,27.2506,4.82175,19.9402,68.615,295.405,57.4276,1.20264,48.2218
kmp,1.45,27.4072,4.81798,19.9387,68.6271,295.308,57.3738,1.20221,48.1845
kmp,1.46,27.5636,4.81423,19.9372,68.6392,295.211,57.3202,1.20178,48.1473
kmp,1.47,27.7196,4.81049,19.9357,68.6511,295.115,57.2668,1.20136,48.1102
kmp,1.48,27.8753,4.80676,19.9342,68.663,295.019,57.2136,1.20093,48.0732
kmp,1.49,28.0306,4.80304,19.9327,68.6748,294.923,57.1605,1.20051,48.0364
kmp,1.5,28.1857,4.79934,19.9312,68.6865,294.827,57.1076,1.20009,47.9997
kmp,1.51,28.3404,4.79564,19.9296,68.6982,294.732,57.055,1.19967,47.9632
kmp,1.52,28.4947,4.79196,19.9281,68.7097,294.637,57.0025,1.19924,47.9267
kmp,1.53,28.6488,4.78829,19.9266,68.7213,294.542,56.9502,1.19882,47.8904
kmp,1.54,28.8026,4.78463,19.925,68.7327,294.448,56.898,1.1984,47.8542
kmp,1.55,28.956,4.78098,19.9235,68.7441,294.354,56.8461,1.19799,47.8181
kmp,1.56,29.1091,4.77735,19.9219,68.7554,294.26,56.7943,1.19757,47.7821
kmp,1.57,29.2619,4.77372,19.9204,68.7666,294.166,56.7427,1.19715,47.7463
kmp,1.58,29.4144,4.77011,19.9188,68.7777,294.073,56.6913,1.19673,47.7105
kmp,1.59,29.5666,4.76651,19.9172,68.7888,293.98,56.6401,1.19632,47.6749
kmp,1.6,29.7185,4.76291,19.9157,68.7998,293.887,56.589,1.1959,47.6394
kmp,1.61,29.8701,4.75933,19.9141,68.8108,293.795,56.5381,1.19549,47.6041
kmp,1.62,30.0214,4.75576,19.9125,68.8217,293.703,56.4874,1.19508,47.5688
kmp,1.63,30.1724,4.75221,19.9109,68.8325,293.611,56.4369,1.19466,47.5336
kmp,1.64,30.323,4.74866,19.9093,68.8432,293.519,56.3866,1.19425,47.4986
kmp,1.65,30.4734,4.74512,19.9077,68.8539,293.428,56.3364,1.19384,47.4637
kmp,1.66,30.6235,4.7416,19.9061,68.8645,293.337,56.2864,1.19343,47.4289
kmp,1.67,30.7733,4.73808,19.9045,68.8751,293.246,56.2365,1.19302,47.3942
kmp,1.68,30.9227,4.73458,19.9029,68.8855,293.156,56.1868,1.19261,47.3596
kmp,1.69,31.0719,4.73108,19.9013,68.896,293.065,56.1373,1.1922,47.3252
kmp,1.7,31.2208,4.7276,19.8997,68.9063,292.975,56.088,1.1918,47.2908
kmp,1.71,31.3694,4.72413,19.8981,68.9166,292.886,56.0388,1.19139,47.2566
kmp,1.72,31.5178,4.72067,19.8965,68.9268,292.796,55.9898,1.19098,47.2224
kmp,1.73,31.6658,4.71722,19.8948,68.937,292.707,55.941,1.19058,47.1884
kmp,1.74,31.8135,4.71378,19.8932,68.9471,292.618,55.8923,1.19017,47.1545
kmp,1.75,31.961,4.71034,19.8916,68.9571,292.529,55.8438,1.18977,47.1207
kmp,1.76,32.1082,4.70693,19.8899,68.9671,292.441,55.7954,1.18937,47.087
kmp,1.77,32.2551,4.70352,19.8883,68.977,292.353,55.7472,1.18896,47.0534
kmp,1.78,32.4017,4.70012,19.8866,68.9868,292.265,55.6992,1.18856,47.0199
kmp,1.79,32.548,4.69673,19.885,68.9966,292.177,55.6514,1.18816,46.9865
kmp,1.8,32.6941,4.69335,19.8833,69.0064,292.09,55.6036,1.18776,46.9532
kmp,1.81,32.8399,4.68998,19.8817,69.016,292.002,55.5561,1.18736,46.9201
kmp,1.82,32.9854,4.68662,19.88,69.0256,291.916,55.5087,1.18697,46.887
kmp,1.83,33.1306,4.68327,19.8783,69.0352,291.829,55.4615,1.18657,46.8541
kmp,1.84,33.2756,4.67993,19.8767,69.0447,291.742,55.4144,1.18617,46.8212
kmp,1.85,33.4202,4.67661,19.875,69.0541,291.656,55.3675,1.18577,46.7884
kmp,1.86,33.5647,4.67329,19.8733,69.0635,291.57,55.3207,1.18538,46.7558
kmp,1.87,33.7088,4.66998,19.8716,69.0728,291.485,55.2741,1.18498,46.7232
kmp,1.88,33.8527,4.66668,19.8699,69.082,291.399,55.2276,1.18459,46.6908
kmp,1.89,33.9963,4.66339,19.8682,69.0912,291.314,55.1813,1.1842,46.6584
kmp,1.9,34.1397,4.66011,19.8666,69.1004,291.229,55.1352,1.1838,46.6262
kmp,1.91,34.2828,4.65684,19.8649,69.1094,291.144,55.0891,1.18341,46.5941
kmp,1.92,34.4256,4.65358,19.8632,69.1185,291.06,55.0433,1.18302,46.562
kmp,1.93,34.5682,4.65033,19.8615,69.1274,290.975,54.9976,1.18263,46.5301
kmp,1.94,34.7105,4.64709,19.8597,69.1364,290.891,54.952,1.18224,46.4982
kmp,1.95,34.8525,4.64386,19.858,69.1452,290.808,54.9066,1.18185,46.4665
kmp,1.96,34.9943,4.64064,19.8563,69.154,290.724,54.8613,1.18147,46.4348
kmp,1.97,35.1359,4.63742,19.8546,69.1628,290.641,54.8162,1.18108,46.4032
kmp,1.98,35.2772,4.63422,19.8529,69.1715,290.558,54.7712,1.18069,46.3718
kmp,1.99,35.4182,4.63103,19.8512,69.1801,290.475,54.7264,1.1803,46.3404
kmp,2.,35.559,4.62784,19.8494,69.1887,290.392,54.6817,1.17992,46.3091
